resp_id ,project_id,status_of_contact
VN02000000000001,PVN2020XXX_BEANBOX,Không trả lời/ Không bắt máy
VN02000000000002,PVN2020XXX_BEANBOX,Đáp viên từ chối phỏng vấn
VN02000000000003,PVN2020XXX_BEANBOX,Đáp viên từ chối phỏng vấn
VN02000000000004,PVN2020XXX_BEANBOX,Không trả lời/ Không bắt máy
VN02000000000006,PVN2020XXX_BEANBOX,OK
VN02000000000010,PVN2020XXX_BEANBOX,Không trả lời/ Không bắt máy
VN02000000000011,PVN2020XXX_BEANBOX,Không trả lời/ Không bắt máy
VN02000000000012,PVN2020XXX_BEANBOX,Số điện thoại không đúng
VN02000000000013,PVN2020XXX_BEANBOX,Đáp viên từ chối phỏng vấn
VN02000000000014,PVN2020XXX_BEANBOX,Không trả lời/ Không bắt máy
VN02000000000015,PVN2020XXX_BEANBOX,Không trả lời/ Không bắt máy
VN02000000000016,PVN2020XXX_BEANBOX,Không trả lời/ Không bắt máy
VN02000000000017,PVN2020XXX_BEANBOX,Không trả lời/ Không bắt máy
VN02000000000018,PVN2020XXX_BEANBOX,Không trả lời/ Không bắt máy
VN02000000000019,PVN2020XXX_BEANBOX,Không trả lời/ Không bắt máy
VN02000000000020,PVN2020XXX_BEANBOX,Không trả lời/ Không bắt máy
VN02000000000021,PVN2020XXX_BEANBOX,Đáp viên từ chối phỏng vấn
VN02000000000022,PVN2020XXX_BEANBOX,Không trả lời/ Không bắt máy
VN02000000000023,PVN2020XXX_BEANBOX,Không trả lời/ Không bắt máy
VN02000000000024,PVN2020XXX_BEANBOX,Đáp viên từ chối phỏng vấn
VN02000000000025,PVN2020XXX_BEANBOX,Không trả lời/ Không bắt máy
VN02000000000026,PVN2020XXX_BEANBOX,Số điện thoại không đúng
VN02000000000028,PVN2020XXX_BEANBOX,Số điện thoại không đúng
VN02000000000029,PVN2020XXX_BEANBOX,Đáp viên không thỏa điều kiện
VN02000000000030,PVN2020XXX_BEANBOX,Đáp viên hẹn gọi lại sau
VN02000000000031,PVN2020XXX_BEANBOX,Đáp viên từ chối phỏng vấn
VN02000000000032,PVN2020XXX_BEANBOX,Không trả lời/ Không bắt máy
VN02000000000033,PVN2020XXX_BEANBOX,Không trả lời/ Không bắt máy
VN02000000000034,PVN2020XXX_BEANBOX,Không trả lời/ Không bắt máy
VN02000000000035,PVN2020XXX_BEANBOX,Đáp viên từ chối phỏng vấn
VN02000000000036,PVN2020XXX_BEANBOX,Đáp viên từ chối phỏng vấn
VN02000000000037,PVN2020XXX_BEANBOX,Đáp viên từ chối phỏng vấn
VN02000000000038,PVN2020XXX_BEANBOX,Không trả lời/ Không bắt máy
VN02000000000039,PVN2020XXX_BEANBOX,Số điện thoại không đúng
VN02000000000040,PVN2020XXX_BEANBOX,Đáp viên hẹn gọi lại sau
VN02000000000041,PVN2020XXX_BEANBOX,OK
VN02000000000045,PVN2020XXX_BEANBOX,Đáp viên không thỏa điều kiện
VN02000000000047,PVN2020XXX_BEANBOX,Đáp viên không thỏa điều kiện
VN02000000000048,PVN2020XXX_BEANBOX,Không trả lời/ Không bắt máy
VN02000000000049,PVN2020XXX_BEANBOX,Số điện thoại không đúng
VN02000000000050,PVN2020XXX_BEANBOX,Không trả lời/ Không bắt máy
VN02000000000051,PVN2020XXX_BEANBOX,Không trả lời/ Không bắt máy
VN02000000000052,PVN2020XXX_BEANBOX,Đáp viên không thỏa điều kiện
VN02000000000053,PVN2020XXX_BEANBOX,Không trả lời/ Không bắt máy
VN02000000000054,PVN2020XXX_BEANBOX,Đáp viên từ chối phỏng vấn
VN02000000000055,PVN2020XXX_BEANBOX,Đáp viên từ chối phỏng vấn
VN02000000000056,PVN2020XXX_BEANBOX,Không trả lời/ Không bắt máy
VN02000000000057,PVN2020XXX_BEANBOX,Số điện thoại không đúng
VN02000000000058,PVN2020XXX_BEANBOX,OK
VN02000000000062,PVN2020XXX_BEANBOX,Không trả lời/ Không bắt máy
VN02000000000063,PVN2020XXX_BEANBOX,Không trả lời/ Không bắt máy
VN02000000000064,PVN2020XXX_BEANBOX,Không trả lời/ Không bắt máy
VN02000000000066,PVN2020XXX_BEANBOX,OK
VN02000000000070,PVN2020XXX_BEANBOX,Đáp viên từ chối phỏng vấn
VN02000000000071,PVN2020XXX_BEANBOX,Đáp viên từ chối phỏng vấn
VN02000000000072,PVN2020XXX_BEANBOX,Đáp viên từ chối phỏng vấn
VN02000000000073,PVN2020XXX_BEANBOX,Đáp viên hẹn gọi lại sau
VN02000000000074,PVN2020XXX_BEANBOX,Không trả lời/ Không bắt máy
VN02000000000075,PVN2020XXX_BEANBOX,Đáp viên không thỏa điều kiện
VN02000000000076,PVN2020XXX_BEANBOX,Không trả lời/ Không bắt máy
VN02000000000077,PVN2020XXX_BEANBOX,Số điện thoại không đúng
VN02000000000078,PVN2020XXX_BEANBOX,Số điện thoại không liên lạc được
VN02000000000079,PVN2020XXX_BEANBOX,Số điện thoại không đúng
VN02000000000080,PVN2020XXX_BEANBOX,Đáp viên từ chối phỏng vấn
VN02000000000081,PVN2020XXX_BEANBOX,Đáp viên từ chối phỏng vấn
VN02000000000082,PVN2020XXX_BEANBOX,Đáp viên hẹn gọi lại sau
VN02000000000083,PVN2020XXX_BEANBOX,Số điện thoại không đúng
VN02000000000084,PVN2020XXX_BEANBOX,Không trả lời/ Không bắt máy
VN02000000000085,PVN2020XXX_BEANBOX,Không trả lời/ Không bắt máy
VN02000000000086,PVN2020XXX_BEANBOX,Không trả lời/ Không bắt máy
VN02000000000087,PVN2020XXX_BEANBOX,Không trả lời/ Không bắt máy
VN02000000000088,PVN2020XXX_BEANBOX,Đáp viên từ chối phỏng vấn
VN02000000000089,PVN2020XXX_BEANBOX,OK
VN02000000000093,PVN2020XXX_BEANBOX,Không trả lời/ Không bắt máy
VN02000000000094,PVN2020XXX_BEANBOX,Không trả lời/ Không bắt máy
VN02000000000095,PVN2020XXX_BEANBOX,Không trả lời/ Không bắt máy
VN02000000000096,PVN2020XXX_BEANBOX,OK
VN02000000000100,PVN2020XXX_BEANBOX,Số điện thoại không đúng
VN02000000000101,PVN2020XXX_BEANBOX,OK
VN02000000000105,PVN2020XXX_BEANBOX,Đáp viên hẹn gọi lại sau
VN02000000000106,PVN2020XXX_BEANBOX,Đáp viên từ chối phỏng vấn
VN02000000000107,PVN2020XXX_BEANBOX,Số điện thoại không đúng
VN02000000000108,PVN2020XXX_BEANBOX,Đáp viên không thỏa điều kiện
VN02000000000109,PVN2020XXX_BEANBOX,Không trả lời/ Không bắt máy
VN02000000000110,PVN2020XXX_BEANBOX,Đáp viên hẹn gọi lại sau
VN02000000000111,PVN2020XXX_BEANBOX,Không trả lời/ Không bắt máy
VN02000000000112,PVN2020XXX_BEANBOX,Số điện thoại không đúng
VN02000000000113,PVN2020XXX_BEANBOX,Đáp viên từ chối phỏng vấn
VN02000000000115,PVN2020XXX_BEANBOX,Đáp viên từ chối phỏng vấn
VN02000000000116,PVN2020XXX_BEANBOX,Không trả lời/ Không bắt máy
VN02000000000117,PVN2020XXX_BEANBOX,OK
VN02000000000121,PVN2020XXX_BEANBOX,Không trả lời/ Không bắt máy
VN02000000000122,PVN2020XXX_BEANBOX,Không trả lời/ Không bắt máy
VN02000000000123,PVN2020XXX_BEANBOX,Đáp viên từ chối phỏng vấn
VN02000000000124,PVN2020XXX_BEANBOX,Không trả lời/ Không bắt máy
VN02000000000125,PVN2020XXX_BEANBOX,Không trả lời/ Không bắt máy
VN02000000000126,PVN2020XXX_BEANBOX,Không trả lời/ Không bắt máy
VN02000000000127,PVN2020XXX_BEANBOX,Đáp viên từ chối phỏng vấn
VN02000000000128,PVN2020XXX_BEANBOX,Đáp viên từ chối phỏng vấn
VN02000000000129,PVN2020XXX_BEANBOX,Số điện thoại không liên lạc được
VN02000000000130,PVN2020XXX_BEANBOX,Số điện thoại không đúng
VN02000000000131,PVN2020XXX_BEANBOX,Đáp viên hẹn gọi lại sau
VN02000000000132,PVN2020XXX_BEANBOX,Đáp viên không thỏa điều kiện
VN02000000000133,PVN2020XXX_BEANBOX,Đáp viên không thỏa điều kiện
VN02000000000134,PVN2020XXX_BEANBOX,Đáp viên không thỏa điều kiện
VN02000000000135,PVN2020XXX_BEANBOX,Số điện thoại không đúng
VN02000000000136,PVN2020XXX_BEANBOX,Đáp viên không thỏa điều kiện
VN02000000000137,PVN2020XXX_BEANBOX,Đáp viên không thỏa điều kiện
VN02000000000138,PVN2020XXX_BEANBOX,Đáp viên từ chối phỏng vấn
VN02000000000139,PVN2020XXX_BEANBOX,Số điện thoại không liên lạc được
VN02000000000140,PVN2020XXX_BEANBOX,Không trả lời/ Không bắt máy
VN02000000000141,PVN2020XXX_BEANBOX,Đáp viên không thỏa điều kiện
VN02000000000142,PVN2020XXX_BEANBOX,Đáp viên từ chối phỏng vấn
VN02000000000143,PVN2020XXX_BEANBOX,Đáp viên từ chối phỏng vấn
VN02000000000144,PVN2020XXX_BEANBOX,Đáp viên không thỏa điều kiện
VN02000000000145,PVN2020XXX_BEANBOX,Số điện thoại không đúng
VN02000000000146,PVN2020XXX_BEANBOX,Không trả lời/ Không bắt máy
VN02000000000147,PVN2020XXX_BEANBOX,Số điện thoại không đúng
VN02000000000148,PVN2020XXX_BEANBOX,Đáp viên từ chối phỏng vấn
VN02000000000149,PVN2020XXX_BEANBOX,Số điện thoại không đúng
VN02000000000150,PVN2020XXX_BEANBOX,Máy bận
VN02000000000151,PVN2020XXX_BEANBOX,Số điện thoại không liên lạc được
VN02000000000152,PVN2020XXX_BEANBOX,Không trả lời/ Không bắt máy
VN02000000000154,PVN2020XXX_BEANBOX,Số điện thoại không liên lạc được
VN02000000000155,PVN2020XXX_BEANBOX,OK
VN02000000000159,PVN2020XXX_BEANBOX,Không trả lời/ Không bắt máy
VN02000000000160,PVN2020XXX_BEANBOX,Không trả lời/ Không bắt máy
VN02000000000161,PVN2020XXX_BEANBOX,Không trả lời/ Không bắt máy
VN02000000000162,PVN2020XXX_BEANBOX,Đáp viên từ chối phỏng vấn
VN02000000000164,PVN2020XXX_BEANBOX,Đáp viên không thỏa điều kiện
VN02000000000166,PVN2020XXX_BEANBOX,Đáp viên không thỏa điều kiện
VN02000000000167,PVN2020XXX_BEANBOX,Đáp viên không thỏa điều kiện
VN02000000000168,PVN2020XXX_BEANBOX,Không trả lời/ Không bắt máy
VN02000000000170,PVN2020XXX_BEANBOX,Máy bận
VN02000000000171,PVN2020XXX_BEANBOX,Đáp viên từ chối phỏng vấn
VN02000000000172,PVN2020XXX_BEANBOX,Đáp viên từ chối phỏng vấn
VN02000000000173,PVN2020XXX_BEANBOX,Đáp viên từ chối phỏng vấn
VN02000000000174,PVN2020XXX_BEANBOX,Đáp viên không thỏa điều kiện
VN02000000000175,PVN2020XXX_BEANBOX,Đáp viên từ chối phỏng vấn
VN02000000000176,PVN2020XXX_BEANBOX,Đáp viên không thỏa điều kiện
VN02000000000177,PVN2020XXX_BEANBOX,Không trả lời/ Không bắt máy
VN02000000000178,PVN2020XXX_BEANBOX,Số điện thoại không đúng
VN02000000000179,PVN2020XXX_BEANBOX,Số điện thoại không đúng
VN02000000000180,PVN2020XXX_BEANBOX,Số điện thoại không liên lạc được
VN02000000000182,PVN2020XXX_BEANBOX,Đáp viên từ chối phỏng vấn
VN02000000000183,PVN2020XXX_BEANBOX,Đáp viên không thỏa điều kiện
VN02000000000184,PVN2020XXX_BEANBOX,Không trả lời/ Không bắt máy
VN02000000000185,PVN2020XXX_BEANBOX,Đáp viên từ chối phỏng vấn
VN02000000000186,PVN2020XXX_BEANBOX,Đáp viên không thỏa điều kiện
VN02000000000187,PVN2020XXX_BEANBOX,Đáp viên không thỏa điều kiện
VN02000000000188,PVN2020XXX_BEANBOX,Đáp viên không phải là chủ của số điện thoại này
VN02000000000189,PVN2020XXX_BEANBOX,Đáp viên không thỏa điều kiện
VN02000000000190,PVN2020XXX_BEANBOX,Đáp viên không thỏa điều kiện
VN02000000000191,PVN2020XXX_BEANBOX,Không trả lời/ Không bắt máy
VN02000000000192,PVN2020XXX_BEANBOX,Đáp viên không thỏa điều kiện
VN02000000000193,PVN2020XXX_BEANBOX,Đáp viên từ chối phỏng vấn
VN02000000000194,PVN2020XXX_BEANBOX,Số điện thoại không liên lạc được
VN02000000000195,PVN2020XXX_BEANBOX,Không trả lời/ Không bắt máy
VN02000000000197,PVN2020XXX_BEANBOX,Không trả lời/ Không bắt máy
VN02000000000198,PVN2020XXX_BEANBOX,Đáp viên không thỏa điều kiện
VN02000000000199,PVN2020XXX_BEANBOX,Số điện thoại không đúng
VN02000000000200,PVN2020XXX_BEANBOX,Đáp viên từ chối phỏng vấn
VN02000000000201,PVN2020XXX_BEANBOX,Đáp viên từ chối phỏng vấn
VN02000000000202,PVN2020XXX_BEANBOX,Không trả lời/ Không bắt máy
VN02000000000203,PVN2020XXX_BEANBOX,Số điện thoại không liên lạc được
VN02000000000204,PVN2020XXX_BEANBOX,Số điện thoại không đúng
VN02000000000205,PVN2020XXX_BEANBOX,Không trả lời/ Không bắt máy
VN02000000000206,PVN2020XXX_BEANBOX,Không trả lời/ Không bắt máy
VN02000000000207,PVN2020XXX_BEANBOX,Không trả lời/ Không bắt máy
VN02000000000208,PVN2020XXX_BEANBOX,Số điện thoại không đúng
VN02000000000209,PVN2020XXX_BEANBOX,Đáp viên không thỏa điều kiện
VN02000000000210,PVN2020XXX_BEANBOX,Đáp viên không thỏa điều kiện
VN02000000000211,PVN2020XXX_BEANBOX,Đáp viên từ chối phỏng vấn
VN02000000000212,PVN2020XXX_BEANBOX,Không trả lời/ Không bắt máy
VN02000000000213,PVN2020XXX_BEANBOX,Đáp viên từ chối phỏng vấn
VN02000000000214,PVN2020XXX_BEANBOX,Số điện thoại không liên lạc được
VN02000000000215,PVN2020XXX_BEANBOX,Đáp viên không thỏa điều kiện
VN02000000000216,PVN2020XXX_BEANBOX,Đáp viên không thỏa điều kiện
VN02000000000217,PVN2020XXX_BEANBOX,Máy bận
VN02000000000218,PVN2020XXX_BEANBOX,Không trả lời/ Không bắt máy
VN02000000000219,PVN2020XXX_BEANBOX,Đáp viên không thỏa điều kiện
VN02000000000220,PVN2020XXX_BEANBOX,Đáp viên từ chối phỏng vấn
VN02000000000221,PVN2020XXX_BEANBOX,Đáp viên không thỏa điều kiện
VN02000000000222,PVN2020XXX_BEANBOX,Số điện thoại không liên lạc được
VN02000000000223,PVN2020XXX_BEANBOX,Không trả lời/ Không bắt máy
VN02000000000224,PVN2020XXX_BEANBOX,Đáp viên không thỏa điều kiện
VN02000000000225,PVN2020XXX_BEANBOX,Số điện thoại không đúng
VN02000000000226,PVN2020XXX_BEANBOX,Đáp viên không thỏa điều kiện
VN02000000000227,PVN2020XXX_BEANBOX,Không trả lời/ Không bắt máy
VN02000000000228,PVN2020XXX_BEANBOX,Đáp viên từ chối phỏng vấn
VN02000000000229,PVN2020XXX_BEANBOX,Đáp viên hẹn gọi lại sau
VN02000000000230,PVN2020XXX_BEANBOX,Không trả lời/ Không bắt máy
VN02000000000231,PVN2020XXX_BEANBOX,Số điện thoại không đúng
VN02000000000232,PVN2020XXX_BEANBOX,Không trả lời/ Không bắt máy
VN02000000000233,PVN2020XXX_BEANBOX,Số điện thoại không liên lạc được
VN02000000000234,PVN2020XXX_BEANBOX,Số điện thoại không đúng
VN02000000000235,PVN2020XXX_BEANBOX,Đáp viên hẹn gọi lại sau
VN02000000000236,PVN2020XXX_BEANBOX,Đáp viên không thỏa điều kiện
VN02000000000237,PVN2020XXX_BEANBOX,Không trả lời/ Không bắt máy
VN02000000000238,PVN2020XXX_BEANBOX,Máy bận
VN02000000000239,PVN2020XXX_BEANBOX,Đáp viên từ chối phỏng vấn
VN02000000000240,PVN2020XXX_BEANBOX,Đáp viên không thỏa điều kiện
VN02000000000241,PVN2020XXX_BEANBOX,Đáp viên từ chối phỏng vấn
VN02000000000242,PVN2020XXX_BEANBOX,Không trả lời/ Không bắt máy
VN02000000000243,PVN2020XXX_BEANBOX,Số điện thoại không đúng
VN02000000000244,PVN2020XXX_BEANBOX,Đáp viên không thỏa điều kiện
VN02000000000245,PVN2020XXX_BEANBOX,Đáp viên không thỏa điều kiện
VN02000000000246,PVN2020XXX_BEANBOX,Không trả lời/ Không bắt máy
VN02000000000247,PVN2020XXX_BEANBOX,Không trả lời/ Không bắt máy
VN02000000000248,PVN2020XXX_BEANBOX,Không trả lời/ Không bắt máy
VN02000000000249,PVN2020XXX_BEANBOX,Không trả lời/ Không bắt máy
VN02000000000250,PVN2020XXX_BEANBOX,Không trả lời/ Không bắt máy
VN02000000000251,PVN2020XXX_BEANBOX,Không trả lời/ Không bắt máy
VN02000000000252,PVN2020XXX_BEANBOX,Không trả lời/ Không bắt máy
VN02000000000253,PVN2020XXX_BEANBOX,Không trả lời/ Không bắt máy
VN02000000000254,PVN2020XXX_BEANBOX,Số điện thoại không liên lạc được
VN02000000000255,PVN2020XXX_BEANBOX,Không trả lời/ Không bắt máy
VN02000000000256,PVN2020XXX_BEANBOX,Đáp viên hẹn gọi lại sau
VN02000000000257,PVN2020XXX_BEANBOX,Đáp viên hẹn gọi lại sau
VN02000000000258,PVN2020XXX_BEANBOX,Không trả lời/ Không bắt máy
VN02000000000259,PVN2020XXX_BEANBOX,Không trả lời/ Không bắt máy
VN02000000000260,PVN2020XXX_BEANBOX,Không trả lời/ Không bắt máy
VN02000000000261,PVN2020XXX_BEANBOX,Không trả lời/ Không bắt máy
VN02000000000262,PVN2020XXX_BEANBOX,Không trả lời/ Không bắt máy
VN02000000000263,PVN2020XXX_BEANBOX,Không trả lời/ Không bắt máy
VN02000000000264,PVN2020XXX_BEANBOX,Không trả lời/ Không bắt máy
VN02000000000265,PVN2020XXX_BEANBOX,Không trả lời/ Không bắt máy
VN02000000000266,PVN2020XXX_BEANBOX,Không trả lời/ Không bắt máy
VN02000000000267,PVN2020XXX_BEANBOX,Không trả lời/ Không bắt máy
VN02000000000268,PVN2020XXX_BEANBOX,Không trả lời/ Không bắt máy
VN02000000000269,PVN2020XXX_BEANBOX,Máy bận
VN02000000000270,PVN2020XXX_BEANBOX,Không trả lời/ Không bắt máy
VN02000000000271,PVN2020XXX_BEANBOX,Đáp viên hẹn gọi lại sau
VN02000000000272,PVN2020XXX_BEANBOX,Không trả lời/ Không bắt máy
VN02000000000273,PVN2020XXX_BEANBOX,Không trả lời/ Không bắt máy
VN02000000000274,PVN2020XXX_BEANBOX,Không trả lời/ Không bắt máy
VN02000000000275,PVN2020XXX_BEANBOX,Không trả lời/ Không bắt máy
VN02000000000301,PVN2020XXX_BEANBOX,Đáp viên từ chối phỏng vấn
VN02000000000302,PVN2020XXX_BEANBOX,Hết quota
VN02000000000303,PVN2020XXX_BEANBOX,OK
VN02000000000307,PVN2020XXX_BEANBOX,Không trả lời/ Không bắt máy
VN02000000000308,PVN2020XXX_BEANBOX,Đáp viên không phải là chủ của số điện thoại này
VN02000000000309,PVN2020XXX_BEANBOX,Không trả lời/ Không bắt máy
VN02000000000310,PVN2020XXX_BEANBOX,Đáp viên hẹn gọi lại sau
VN02000000000311,PVN2020XXX_BEANBOX,Đáp viên từ chối phỏng vấn
VN02000000000312,PVN2020XXX_BEANBOX,Đáp viên không phải là chủ của số điện thoại này
VN02000000000313,PVN2020XXX_BEANBOX,Đáp viên từ chối phỏng vấn
VN02000000000314,PVN2020XXX_BEANBOX,Không trả lời/ Không bắt máy
VN02000000000315,PVN2020XXX_BEANBOX,Đáp viên từ chối phỏng vấn
VN02000000000316,PVN2020XXX_BEANBOX,Số điện thoại không liên lạc được
VN02000000000317,PVN2020XXX_BEANBOX,Đáp viên không thỏa điều kiện
VN02000000000318,PVN2020XXX_BEANBOX,Đáp viên hẹn gọi lại sau
VN02000000000319,PVN2020XXX_BEANBOX,Máy bận
VN02000000000320,PVN2020XXX_BEANBOX,Không trả lời/ Không bắt máy
VN02000000000321,PVN2020XXX_BEANBOX,Đáp viên hẹn gọi lại sau
VN02000000000322,PVN2020XXX_BEANBOX,Đáp viên không phải là chủ của số điện thoại này
VN02000000000323,PVN2020XXX_BEANBOX,Đáp viên không thỏa điều kiện
VN02000000000324,PVN2020XXX_BEANBOX,Không trả lời/ Không bắt máy
VN02000000000325,PVN2020XXX_BEANBOX,Đáp viên từ chối phỏng vấn
VN02000000000326,PVN2020XXX_BEANBOX,Đáp viên từ chối phỏng vấn
VN02000000000327,PVN2020XXX_BEANBOX,Không trả lời/ Không bắt máy
VN02000000000328,PVN2020XXX_BEANBOX,Không trả lời/ Không bắt máy
VN02000000000329,PVN2020XXX_BEANBOX,Số điện thoại không đúng
VN02000000000330,PVN2020XXX_BEANBOX,Số điện thoại không liên lạc được
VN02000000000331,PVN2020XXX_BEANBOX,Đáp viên không thỏa điều kiện
VN02000000000332,PVN2020XXX_BEANBOX,Đáp viên từ chối phỏng vấn
VN02000000000333,PVN2020XXX_BEANBOX,Đáp viên hẹn gọi lại sau
VN02000000000337,PVN2020XXX_BEANBOX,Máy bận
VN02000000000338,PVN2020XXX_BEANBOX,OK
VN02000000000342,PVN2020XXX_BEANBOX,Không trả lời/ Không bắt máy
VN02000000000343,PVN2020XXX_BEANBOX,Không trả lời/ Không bắt máy
VN02000000000344,PVN2020XXX_BEANBOX,Đáp viên không thỏa điều kiện
VN02000000000345,PVN2020XXX_BEANBOX,Không trả lời/ Không bắt máy
VN02000000000346,PVN2020XXX_BEANBOX,Đáp viên không thỏa điều kiện
VN02000000000347,PVN2020XXX_BEANBOX,Đáp viên hẹn gọi lại sau
VN02000000000348,PVN2020XXX_BEANBOX,Đáp viên không phải là chủ của số điện thoại này
VN02000000000349,PVN2020XXX_BEANBOX,Đáp viên hẹn gọi lại sau
VN02000000000350,PVN2020XXX_BEANBOX,Đáp viên hẹn gọi lại sau
VN02000000000351,PVN2020XXX_BEANBOX,Đáp viên không thỏa điều kiện
VN02000000000352,PVN2020XXX_BEANBOX,Đáp viên từ chối phỏng vấn
VN02000000000353,PVN2020XXX_BEANBOX,Số điện thoại không liên lạc được
VN02000000000354,PVN2020XXX_BEANBOX,Đáp viên hẹn gọi lại sau
VN02000000000358,PVN2020XXX_BEANBOX,Đáp viên hẹn gọi lại sau
VN02000000000362,PVN2020XXX_BEANBOX,Số điện thoại không liên lạc được
VN02000000000363,PVN2020XXX_BEANBOX,Số điện thoại không liên lạc được
VN02000000000364,PVN2020XXX_BEANBOX,Đáp viên từ chối phỏng vấn
VN02000000000365,PVN2020XXX_BEANBOX,Không trả lời/ Không bắt máy
VN02000000000366,PVN2020XXX_BEANBOX,Đáp viên không thỏa điều kiện
VN02000000000367,PVN2020XXX_BEANBOX,Đáp viên hẹn gọi lại sau
VN02000000000371,PVN2020XXX_BEANBOX,Đáp viên hẹn gọi lại sau
VN02000000000375,PVN2020XXX_BEANBOX,Đáp viên hẹn gọi lại sau
VN02000000000379,PVN2020XXX_BEANBOX,Không trả lời/ Không bắt máy
VN02000000000380,PVN2020XXX_BEANBOX,Không trả lời/ Không bắt máy
VN02000000000381,PVN2020XXX_BEANBOX,Đáp viên hẹn gọi lại sau
VN02000000000382,PVN2020XXX_BEANBOX,Đáp viên từ chối phỏng vấn
VN02000000000383,PVN2020XXX_BEANBOX,Không trả lời/ Không bắt máy
VN02000000000384,PVN2020XXX_BEANBOX,Đáp viên hẹn gọi lại sau
VN02000000000385,PVN2020XXX_BEANBOX,Máy bận
VN02000000000386,PVN2020XXX_BEANBOX,Không trả lời/ Không bắt máy
VN02000000000387,PVN2020XXX_BEANBOX,Số điện thoại không liên lạc được
VN02000000000388,PVN2020XXX_BEANBOX,Không trả lời/ Không bắt máy
VN02000000000389,PVN2020XXX_BEANBOX,Không trả lời/ Không bắt máy
VN02000000000390,PVN2020XXX_BEANBOX,Đáp viên hẹn gọi lại sau
VN02000000000391,PVN2020XXX_BEANBOX,Đáp viên hẹn gọi lại sau
VN02000000000392,PVN2020XXX_BEANBOX,Đáp viên không thỏa điều kiện
VN02000000000393,PVN2020XXX_BEANBOX,OK
VN02000000000397,PVN2020XXX_BEANBOX,Đáp viên hẹn gọi lại sau
VN02000000000401,PVN2020XXX_BEANBOX,Số điện thoại không liên lạc được
VN02000000000402,PVN2020XXX_BEANBOX,Đáp viên không thỏa điều kiện
VN02000000000403,PVN2020XXX_BEANBOX,Không trả lời/ Không bắt máy
VN02000000000404,PVN2020XXX_BEANBOX,Không trả lời/ Không bắt máy
VN02000000000405,PVN2020XXX_BEANBOX,Đáp viên từ chối phỏng vấn
VN02000000000406,PVN2020XXX_BEANBOX,Không trả lời/ Không bắt máy
VN02000000000407,PVN2020XXX_BEANBOX,Đáp viên từ chối phỏng vấn
VN02000000000408,PVN2020XXX_BEANBOX,Số điện thoại không liên lạc được
VN02000000000409,PVN2020XXX_BEANBOX,Không trả lời/ Không bắt máy
VN02000000000410,PVN2020XXX_BEANBOX,Số điện thoại không liên lạc được
VN02000000000411,PVN2020XXX_BEANBOX,Số điện thoại không đúng
VN02000000000412,PVN2020XXX_BEANBOX,Không trả lời/ Không bắt máy
VN02000000000413,PVN2020XXX_BEANBOX,Không trả lời/ Không bắt máy
VN02000000000414,PVN2020XXX_BEANBOX,Đáp viên từ chối phỏng vấn
VN02000000000415,PVN2020XXX_BEANBOX,Máy bận
VN02000000000416,PVN2020XXX_BEANBOX,Không trả lời/ Không bắt máy
VN02000000000417,PVN2020XXX_BEANBOX,Đáp viên không thỏa điều kiện
VN02000000000418,PVN2020XXX_BEANBOX,Đáp viên không thỏa điều kiện
VN02000000000419,PVN2020XXX_BEANBOX,Số điện thoại không đúng
VN02000000000420,PVN2020XXX_BEANBOX,Không trả lời/ Không bắt máy
VN02000000000421,PVN2020XXX_BEANBOX,Không trả lời/ Không bắt máy
VN02000000000422,PVN2020XXX_BEANBOX,Không trả lời/ Không bắt máy
VN02000000000423,PVN2020XXX_BEANBOX,Không trả lời/ Không bắt máy
VN02000000000424,PVN2020XXX_BEANBOX,Đáp viên không thỏa điều kiện
VN02000000000425,PVN2020XXX_BEANBOX,Số điện thoại không liên lạc được
VN02000000000426,PVN2020XXX_BEANBOX,Đáp viên không thỏa điều kiện
VN02000000000427,PVN2020XXX_BEANBOX,Đáp viên không thỏa điều kiện
VN02000000000428,PVN2020XXX_BEANBOX,Đáp viên không thỏa điều kiện
VN02000000000429,PVN2020XXX_BEANBOX,Máy bận
VN02000000000430,PVN2020XXX_BEANBOX,Đáp viên từ chối phỏng vấn
VN02000000000431,PVN2020XXX_BEANBOX,Không trả lời/ Không bắt máy
VN02000000000432,PVN2020XXX_BEANBOX,Không trả lời/ Không bắt máy
VN02000000000433,PVN2020XXX_BEANBOX,Đáp viên không thỏa điều kiện
VN02000000000434,PVN2020XXX_BEANBOX,Đáp viên không thỏa điều kiện
VN02000000000435,PVN2020XXX_BEANBOX,OK
VN02000000000439,PVN2020XXX_BEANBOX,Không trả lời/ Không bắt máy
VN02000000000440,PVN2020XXX_BEANBOX,Đáp viên từ chối phỏng vấn
VN02000000000441,PVN2020XXX_BEANBOX,Đáp viên không phải là chủ của số điện thoại này
VN02000000000442,PVN2020XXX_BEANBOX,Không trả lời/ Không bắt máy
VN02000000000443,PVN2020XXX_BEANBOX,Số điện thoại không đúng
VN02000000000444,PVN2020XXX_BEANBOX,Không trả lời/ Không bắt máy
VN02000000000445,PVN2020XXX_BEANBOX,Không trả lời/ Không bắt máy
VN02000000000446,PVN2020XXX_BEANBOX,Đáp viên không thỏa điều kiện
VN02000000000447,PVN2020XXX_BEANBOX,Không trả lời/ Không bắt máy
VN02000000000448,PVN2020XXX_BEANBOX,OK
VN02000000000451,PVN2020XXX_BEANBOX,Đáp viên không thỏa điều kiện
VN02000000000452,PVN2020XXX_BEANBOX,Không trả lời/ Không bắt máy
VN02000000000453,PVN2020XXX_BEANBOX,Không trả lời/ Không bắt máy
VN02000000000454,PVN2020XXX_BEANBOX,Đáp viên từ chối phỏng vấn
VN02000000000455,PVN2020XXX_BEANBOX,Đáp viên không thỏa điều kiện
VN02000000000456,PVN2020XXX_BEANBOX,Không trả lời/ Không bắt máy
VN02000000000457,PVN2020XXX_BEANBOX,Đáp viên không thỏa điều kiện
VN02000000000458,PVN2020XXX_BEANBOX,Đáp viên không phải là chủ của số điện thoại này
VN02000000000460,PVN2020XXX_BEANBOX,Không trả lời/ Không bắt máy
VN02000000000462,PVN2020XXX_BEANBOX,Không trả lời/ Không bắt máy
VN02000000000463,PVN2020XXX_BEANBOX,Không trả lời/ Không bắt máy
VN02000000000465,PVN2020XXX_BEANBOX,Không trả lời/ Không bắt máy
VN02000000000467,PVN2020XXX_BEANBOX,Không trả lời/ Không bắt máy
VN02000000000468,PVN2020XXX_BEANBOX,Số điện thoại không liên lạc được
VN02000000000469,PVN2020XXX_BEANBOX,Số điện thoại không liên lạc được
VN02000000000470,PVN2020XXX_BEANBOX,Không trả lời/ Không bắt máy
VN02000000000471,PVN2020XXX_BEANBOX,Đáp viên không thỏa điều kiện
VN02000000000472,PVN2020XXX_BEANBOX,Số điện thoại không đúng
VN02000000000473,PVN2020XXX_BEANBOX,Không trả lời/ Không bắt máy
VN02000000000474,PVN2020XXX_BEANBOX,Không trả lời/ Không bắt máy
VN02000000000475,PVN2020XXX_BEANBOX,Không trả lời/ Không bắt máy
VN02000000000477,PVN2020XXX_BEANBOX,Đáp viên từ chối phỏng vấn
VN02000000000478,PVN2020XXX_BEANBOX,Đáp viên hẹn gọi lại sau
VN02000000000479,PVN2020XXX_BEANBOX,OK
VN02000000000493,PVN2020XXX_BEANBOX,Không trả lời/ Không bắt máy
VN02000000000494,PVN2020XXX_BEANBOX,Đáp viên từ chối phỏng vấn
VN02000000000496,PVN2020XXX_BEANBOX,Đáp viên không thỏa điều kiện
VN02000000000497,PVN2020XXX_BEANBOX,Không trả lời/ Không bắt máy
VN02000000000498,PVN2020XXX_BEANBOX,Đáp viên từ chối phỏng vấn
VN02000000000500,PVN2020XXX_BEANBOX,Không trả lời/ Không bắt máy
VN02000000000501,PVN2020XXX_BEANBOX,Đáp viên không thỏa điều kiện
VN02000000000503,PVN2020XXX_BEANBOX,OK
VN02000000000514,PVN2020XXX_BEANBOX,Không trả lời/ Không bắt máy
VN02000000000516,PVN2020XXX_BEANBOX,Đáp viên từ chối phỏng vấn
VN02000000000517,PVN2020XXX_BEANBOX,Số điện thoại không đúng
VN02000000000518,PVN2020XXX_BEANBOX,Đáp viên không phải là chủ của số điện thoại này
VN02000000000519,PVN2020XXX_BEANBOX,Đáp viên từ chối phỏng vấn
VN02000000000524,PVN2020XXX_BEANBOX,Không trả lời/ Không bắt máy
VN02000000000526,PVN2020XXX_BEANBOX,Không trả lời/ Không bắt máy
VN02000000000527,PVN2020XXX_BEANBOX,Đáp viên không thỏa điều kiện
VN02000000000528,PVN2020XXX_BEANBOX,Đáp viên không phải là chủ của số điện thoại này
VN02000000000529,PVN2020XXX_BEANBOX,Số điện thoại không liên lạc được
VN02000000000534,PVN2020XXX_BEANBOX,Đáp viên không thỏa điều kiện
VN02000000000538,PVN2020XXX_BEANBOX,Không trả lời/ Không bắt máy
VN02000000000539,PVN2020XXX_BEANBOX,Không trả lời/ Không bắt máy
VN02000000000572,PVN2020XXX_BEANBOX,Không trả lời/ Không bắt máy
VN02000000000574,PVN2020XXX_BEANBOX,Hết quota
VN02000000000602,PVN2020XXX_BEANBOX,Không trả lời/ Không bắt máy
VN02000000000603,PVN2020XXX_BEANBOX,Không trả lời/ Không bắt máy
VN02000000000636,PVN2020XXX_BEANBOX,Đáp viên không phải là chủ của số điện thoại này
VN02000000000640,PVN2020XXX_BEANBOX,Số điện thoại không đúng
VN02000000000649,PVN2020XXX_BEANBOX,Số điện thoại không đúng
VN02000000000659,PVN2020XXX_BEANBOX,Đáp viên từ chối phỏng vấn
VN02000000000660,PVN2020XXX_BEANBOX,Hết quota
VN02000000000666,PVN2020XXX_BEANBOX,Hết quota
VN02000000000668,PVN2020XXX_BEANBOX,Không trả lời/ Không bắt máy
VN02000000000677,PVN2020XXX_BEANBOX,Hết quota
VN02000000000679,PVN2020XXX_BEANBOX,Đáp viên không thỏa điều kiện
VN02000000000683,PVN2020XXX_BEANBOX,Đáp viên không thỏa điều kiện
VN02000000000684,PVN2020XXX_BEANBOX,Đáp viên không thỏa điều kiện
VN02000000000685,PVN2020XXX_BEANBOX,Đáp viên không thỏa điều kiện
VN02000000000686,PVN2020XXX_BEANBOX,Đáp viên không thỏa điều kiện
VN02000000000694,PVN2020XXX_BEANBOX,Số điện thoại không liên lạc được
VN02000000000700,PVN2020XXX_BEANBOX,Không trả lời/ Không bắt máy
VN02000000000701,PVN2020XXX_BEANBOX,Đáp viên từ chối phỏng vấn
VN02000000000702,PVN2020XXX_BEANBOX,OK
VN02000000000706,PVN2020XXX_BEANBOX,Đáp viên từ chối phỏng vấn
VN02000000000707,PVN2020XXX_BEANBOX,Đáp viên hẹn gọi lại sau
VN02000000000711,PVN2020XXX_BEANBOX,Đáp viên từ chối phỏng vấn
VN02000000000712,PVN2020XXX_BEANBOX,OK
VN02000000000716,PVN2020XXX_BEANBOX,Đáp viên hẹn gọi lại sau
VN02000000000720,PVN2020XXX_BEANBOX,Không trả lời/ Không bắt máy
VN02000000000721,PVN2020XXX_BEANBOX,Không trả lời/ Không bắt máy
VN02000000000722,PVN2020XXX_BEANBOX,Đáp viên không thỏa điều kiện
VN02000000000723,PVN2020XXX_BEANBOX,Không trả lời/ Không bắt máy
VN02000000000724,PVN2020XXX_BEANBOX,Đáp viên không thỏa điều kiện
VN02000000000725,PVN2020XXX_BEANBOX,Máy bận
VN02000000000726,PVN2020XXX_BEANBOX,Đáp viên không thỏa điều kiện
VN02000000000727,PVN2020XXX_BEANBOX,Không trả lời/ Không bắt máy
VN02000000000728,PVN2020XXX_BEANBOX,Đáp viên không thỏa điều kiện
VN02000000000729,PVN2020XXX_BEANBOX,Đáp viên không thỏa điều kiện
VN02000000000730,PVN2020XXX_BEANBOX,Máy bận
VN02000000000731,PVN2020XXX_BEANBOX,Không trả lời/ Không bắt máy
VN02000000000732,PVN2020XXX_BEANBOX,Số điện thoại không đúng
VN02000000000733,PVN2020XXX_BEANBOX,Đáp viên hẹn gọi lại sau
VN02000000000734,PVN2020XXX_BEANBOX,Không trả lời/ Không bắt máy
VN02000000000735,PVN2020XXX_BEANBOX,Đáp viên không thỏa điều kiện
VN02000000000736,PVN2020XXX_BEANBOX,Không trả lời/ Không bắt máy
VN02000000000737,PVN2020XXX_BEANBOX,Đáp viên không thỏa điều kiện
VN02000000000738,PVN2020XXX_BEANBOX,Đáp viên không thỏa điều kiện
VN02000000000739,PVN2020XXX_BEANBOX,Đáp viên không thỏa điều kiện
VN02000000000740,PVN2020XXX_BEANBOX,Không trả lời/ Không bắt máy
VN02000000000741,PVN2020XXX_BEANBOX,Không trả lời/ Không bắt máy
VN02000000000742,PVN2020XXX_BEANBOX,Đáp viên không thỏa điều kiện
VN02000000000743,PVN2020XXX_BEANBOX,Không trả lời/ Không bắt máy
VN02000000000744,PVN2020XXX_BEANBOX,Không trả lời/ Không bắt máy
VN02000000000745,PVN2020XXX_BEANBOX,Đáp viên không thỏa điều kiện
VN02000000000746,PVN2020XXX_BEANBOX,Đáp viên hẹn gọi lại sau
VN02000000000750,PVN2020XXX_BEANBOX,Đáp viên không thỏa điều kiện
VN02000000000751,PVN2020XXX_BEANBOX,Không trả lời/ Không bắt máy
VN02000000000752,PVN2020XXX_BEANBOX,Không trả lời/ Không bắt máy
VN02000000000753,PVN2020XXX_BEANBOX,Đáp viên không thỏa điều kiện
VN02000000000754,PVN2020XXX_BEANBOX,Đáp viên hẹn gọi lại sau
VN02000000000755,PVN2020XXX_BEANBOX,Số điện thoại không liên lạc được
VN02000000000756,PVN2020XXX_BEANBOX,Không trả lời/ Không bắt máy
VN02000000000757,PVN2020XXX_BEANBOX,Đáp viên không thỏa điều kiện
VN02000000000758,PVN2020XXX_BEANBOX,Số điện thoại không đúng
VN02000000000759,PVN2020XXX_BEANBOX,Đáp viên không thỏa điều kiện
VN02000000000760,PVN2020XXX_BEANBOX,Không trả lời/ Không bắt máy
VN02000000000761,PVN2020XXX_BEANBOX,Đáp viên từ chối phỏng vấn
VN02000000000762,PVN2020XXX_BEANBOX,Máy bận
VN02000000000763,PVN2020XXX_BEANBOX,Không trả lời/ Không bắt máy
VN02000000000764,PVN2020XXX_BEANBOX,Đáp viên không thỏa điều kiện
VN02000000000765,PVN2020XXX_BEANBOX,Đáp viên hẹn gọi lại sau
VN02000000000769,PVN2020XXX_BEANBOX,Đáp viên không phải là chủ của số điện thoại này
VN02000000000770,PVN2020XXX_BEANBOX,Đáp viên từ chối phỏng vấn
VN02000000000771,PVN2020XXX_BEANBOX,OK
VN02000000000775,PVN2020XXX_BEANBOX,Đáp viên không thỏa điều kiện
VN02000000000776,PVN2020XXX_BEANBOX,Đáp viên không thỏa điều kiện
VN02000000000777,PVN2020XXX_BEANBOX,Không trả lời/ Không bắt máy
VN02000000000778,PVN2020XXX_BEANBOX,Đáp viên không phải là chủ của số điện thoại này
VN02000000000779,PVN2020XXX_BEANBOX,Đáp viên từ chối phỏng vấn
VN02000000000780,PVN2020XXX_BEANBOX,Đáp viên không thỏa điều kiện
VN02000000000781,PVN2020XXX_BEANBOX,Số điện thoại không liên lạc được
VN02000000000783,PVN2020XXX_BEANBOX,Đáp viên không thỏa điều kiện
VN02000000000784,PVN2020XXX_BEANBOX,Đáp viên không thỏa điều kiện
VN02000000000786,PVN2020XXX_BEANBOX,Đáp viên không thỏa điều kiện
VN02000000000787,PVN2020XXX_BEANBOX,Không trả lời/ Không bắt máy
VN02000000000789,PVN2020XXX_BEANBOX,Đáp viên không thỏa điều kiện
VN02000000000792,PVN2020XXX_BEANBOX,Không trả lời/ Không bắt máy
VN02000000000793,PVN2020XXX_BEANBOX,Đáp viên không thỏa điều kiện
VN02000000000794,PVN2020XXX_BEANBOX,Không trả lời/ Không bắt máy
VN02000000000795,PVN2020XXX_BEANBOX,Đáp viên không thỏa điều kiện
VN02000000000798,PVN2020XXX_BEANBOX,Số điện thoại không liên lạc được
VN02000000000799,PVN2020XXX_BEANBOX,Không trả lời/ Không bắt máy
VN02000000000800,PVN2020XXX_BEANBOX,Máy bận
VN02000000000802,PVN2020XXX_BEANBOX,Không trả lời/ Không bắt máy
VN02000000000804,PVN2020XXX_BEANBOX,Đáp viên không phải là chủ của số điện thoại này
VN02000000000805,PVN2020XXX_BEANBOX,Không trả lời/ Không bắt máy
VN02000000000806,PVN2020XXX_BEANBOX,Đáp viên không thỏa điều kiện
VN02000000000807,PVN2020XXX_BEANBOX,Không trả lời/ Không bắt máy
VN02000000000808,PVN2020XXX_BEANBOX,Đáp viên hẹn gọi lại sau
VN02000000000809,PVN2020XXX_BEANBOX,Không trả lời/ Không bắt máy
VN02000000000811,PVN2020XXX_BEANBOX,Đáp viên từ chối phỏng vấn
VN02000000000813,PVN2020XXX_BEANBOX,Đáp viên không thỏa điều kiện
VN02000000000815,PVN2020XXX_BEANBOX,Đáp viên không thỏa điều kiện
VN02000000000816,PVN2020XXX_BEANBOX,Hết quota
VN02000000000822,PVN2020XXX_BEANBOX,Hết quota
VN02000000002045,PVN2020XXX_BEANBOX,Đáp viên không thỏa điều kiện
VN02000000002046,PVN2020XXX_BEANBOX,Đáp viên không thỏa điều kiện
VN02000000002047,PVN2020XXX_BEANBOX,Đáp viên từ chối phỏng vấn
VN02000000002048,PVN2020XXX_BEANBOX,Đáp viên không thỏa điều kiện
VN02000000002049,PVN2020XXX_BEANBOX,Số điện thoại không liên lạc được
VN02000000002050,PVN2020XXX_BEANBOX,Số điện thoại không liên lạc được
VN02000000002051,PVN2020XXX_BEANBOX,Số điện thoại không liên lạc được
VN02000000002052,PVN2020XXX_BEANBOX,Số điện thoại không đúng
VN02000000002053,PVN2020XXX_BEANBOX,Số điện thoại không đúng
VN02000000002054,PVN2020XXX_BEANBOX,Số điện thoại không liên lạc được
VN02000000002055,PVN2020XXX_BEANBOX,Số điện thoại không liên lạc được
VN02000000002056,PVN2020XXX_BEANBOX,OK
VN02000000002060,PVN2020XXX_BEANBOX,Đáp viên không thỏa điều kiện
VN02000000002061,PVN2020XXX_BEANBOX,Đáp viên không phải là chủ của số điện thoại này
VN02000000002062,PVN2020XXX_BEANBOX,Đáp viên từ chối phỏng vấn
VN02000000002063,PVN2020XXX_BEANBOX,Không trả lời/ Không bắt máy
VN02000000002064,PVN2020XXX_BEANBOX,Đáp viên hẹn gọi lại sau
VN02000000002065,PVN2020XXX_BEANBOX,Đáp viên không phải là chủ của số điện thoại này
VN02000000002066,PVN2020XXX_BEANBOX,Đáp viên từ chối phỏng vấn
VN02000000002067,PVN2020XXX_BEANBOX,Đáp viên không thỏa điều kiện
VN02000000002068,PVN2020XXX_BEANBOX,Đáp viên không thỏa điều kiện
VN02000000002069,PVN2020XXX_BEANBOX,Không trả lời/ Không bắt máy
VN02000000002070,PVN2020XXX_BEANBOX,Số điện thoại không liên lạc được
VN02000000002071,PVN2020XXX_BEANBOX,Không trả lời/ Không bắt máy
VN02000000002072,PVN2020XXX_BEANBOX,Số điện thoại không đúng
VN02000000002073,PVN2020XXX_BEANBOX,Đáp viên không thỏa điều kiện
VN02000000002074,PVN2020XXX_BEANBOX,Hết quota
VN02000000002075,PVN2020XXX_BEANBOX,Đáp viên từ chối phỏng vấn
VN02000000002076,PVN2020XXX_BEANBOX,Không trả lời/ Không bắt máy
VN02000000002077,PVN2020XXX_BEANBOX,Đáp viên không thỏa điều kiện
VN02000000002078,PVN2020XXX_BEANBOX,Đáp viên không thỏa điều kiện
VN02000000002079,PVN2020XXX_BEANBOX,Đáp viên không thỏa điều kiện
VN02000000002080,PVN2020XXX_BEANBOX,OK
VN02000000002084,PVN2020XXX_BEANBOX,Đáp viên không thỏa điều kiện
VN02000000002085,PVN2020XXX_BEANBOX,Đáp viên không phải là chủ của số điện thoại này
VN02000000002086,PVN2020XXX_BEANBOX,Đáp viên không phải là chủ của số điện thoại này
VN02000000002087,PVN2020XXX_BEANBOX,Đáp viên từ chối phỏng vấn
VN02000000002088,PVN2020XXX_BEANBOX,Đáp viên không thỏa điều kiện
VN02000000002089,PVN2020XXX_BEANBOX,Không trả lời/ Không bắt máy
VN02000000002090,PVN2020XXX_BEANBOX,Đáp viên không thỏa điều kiện
VN02000000002091,PVN2020XXX_BEANBOX,Đáp viên từ chối phỏng vấn
VN02000000002092,PVN2020XXX_BEANBOX,Đáp viên hẹn gọi lại sau
VN02000000002097,PVN2020XXX_BEANBOX,Số điện thoại không liên lạc được
VN02000000002098,PVN2020XXX_BEANBOX,Đáp viên hẹn gọi lại sau
VN02000000002102,PVN2020XXX_BEANBOX,Đáp viên từ chối phỏng vấn
VN02000000002103,PVN2020XXX_BEANBOX,Đáp viên không thỏa điều kiện
VN02000000002104,PVN2020XXX_BEANBOX,Đáp viên hẹn gọi lại sau
VN02000000002108,PVN2020XXX_BEANBOX,Đáp viên từ chối phỏng vấn
VN02000000002109,PVN2020XXX_BEANBOX,Đáp viên không thỏa điều kiện
VN02000000002110,PVN2020XXX_BEANBOX,Không trả lời/ Không bắt máy
VN02000000002111,PVN2020XXX_BEANBOX,Không trả lời/ Không bắt máy
VN02000000002112,PVN2020XXX_BEANBOX,Đáp viên từ chối phỏng vấn
VN02000000002113,PVN2020XXX_BEANBOX,Đáp viên không thỏa điều kiện
VN02000000002114,PVN2020XXX_BEANBOX,Đáp viên hẹn gọi lại sau
VN02000000002118,PVN2020XXX_BEANBOX,Không trả lời/ Không bắt máy
VN02000000002122,PVN2020XXX_BEANBOX,Đáp viên không phải là chủ của số điện thoại này
VN02000000002125,PVN2020XXX_BEANBOX,Đáp viên từ chối phỏng vấn
VN02000000002127,PVN2020XXX_BEANBOX,Đáp viên không thỏa điều kiện
VN02000000002129,PVN2020XXX_BEANBOX,Đáp viên không thỏa điều kiện
VN02000000002130,PVN2020XXX_BEANBOX,Đáp viên không thỏa điều kiện
VN02000000002132,PVN2020XXX_BEANBOX,OK
VN02000000002401,PVN2020XXX_BEANBOX,Số điện thoại không đúng
VN02000000002402,PVN2020XXX_BEANBOX,Số điện thoại không đúng
VN02000000002403,PVN2020XXX_BEANBOX,Không trả lời/ Không bắt máy
VN02000000002404,PVN2020XXX_BEANBOX,Không trả lời/ Không bắt máy
VN02000000002405,PVN2020XXX_BEANBOX,Số điện thoại không liên lạc được
VN02000000002406,PVN2020XXX_BEANBOX,Không trả lời/ Không bắt máy
VN02000000002407,PVN2020XXX_BEANBOX,Không trả lời/ Không bắt máy
VN02000000002408,PVN2020XXX_BEANBOX,Máy bận
VN02000000002409,PVN2020XXX_BEANBOX,Đáp viên từ chối phỏng vấn
VN02000000002411,PVN2020XXX_BEANBOX,Đáp viên không thỏa điều kiện
VN02000000002412,PVN2020XXX_BEANBOX,Đáp viên không thỏa điều kiện
VN02000000002413,PVN2020XXX_BEANBOX,Đáp viên không thỏa điều kiện
VN02000000002414,PVN2020XXX_BEANBOX,Đáp viên hẹn gọi lại sau
VN02000000002415,PVN2020XXX_BEANBOX,Đáp viên hẹn gọi lại sau
VN02000000002416,PVN2020XXX_BEANBOX,Đáp viên không thỏa điều kiện
VN02000000002417,PVN2020XXX_BEANBOX,Đáp viên không thỏa điều kiện
VN02000000002418,PVN2020XXX_BEANBOX,Đáp viên không phải là chủ của số điện thoại này
VN02000000002419,PVN2020XXX_BEANBOX,Máy bận
VN02000000002420,PVN2020XXX_BEANBOX,Đáp viên hẹn gọi lại sau
VN02000000002421,PVN2020XXX_BEANBOX,Đáp viên từ chối phỏng vấn
VN02000000002422,PVN2020XXX_BEANBOX,Đáp viên hẹn gọi lại sau
VN02000000002423,PVN2020XXX_BEANBOX,Số điện thoại không đúng
VN02000000002424,PVN2020XXX_BEANBOX,Đáp viên hẹn gọi lại sau
VN02000000002425,PVN2020XXX_BEANBOX,Đáp viên từ chối phỏng vấn
VN02000000002426,PVN2020XXX_BEANBOX,Đáp viên từ chối phỏng vấn
VN02000000002427,PVN2020XXX_BEANBOX,Số điện thoại không đúng
VN02000000002428,PVN2020XXX_BEANBOX,Đáp viên hẹn gọi lại sau
VN02000000002430,PVN2020XXX_BEANBOX,Đáp viên hẹn gọi lại sau
VN02000000002432,PVN2020XXX_BEANBOX,Đáp viên hẹn gọi lại sau
VN02000000002433,PVN2020XXX_BEANBOX,Đáp viên không thỏa điều kiện
VN02000000002434,PVN2020XXX_BEANBOX,Đáp viên hẹn gọi lại sau
VN02000000002435,PVN2020XXX_BEANBOX,OK
VN02000000002439,PVN2020XXX_BEANBOX,Đáp viên từ chối phỏng vấn
VN02000000002440,PVN2020XXX_BEANBOX,OK
VN02000000002444,PVN2020XXX_BEANBOX,Đáp viên hẹn gọi lại sau
VN02000000002445,PVN2020XXX_BEANBOX,Đáp viên hẹn gọi lại sau
VN02000000002447,PVN2020XXX_BEANBOX,OK
VN02000000002451,PVN2020XXX_BEANBOX,Không trả lời/ Không bắt máy
VN02000000002452,PVN2020XXX_BEANBOX,Đáp viên từ chối phỏng vấn
VN02000000002453,PVN2020XXX_BEANBOX,Số điện thoại không liên lạc được
VN02000000002454,PVN2020XXX_BEANBOX,Đáp viên hẹn gọi lại sau
VN02000000002455,PVN2020XXX_BEANBOX,Đáp viên từ chối phỏng vấn
VN02000000002456,PVN2020XXX_BEANBOX,Đáp viên không thỏa điều kiện
VN02000000002458,PVN2020XXX_BEANBOX,Đáp viên không thỏa điều kiện
VN02000000002459,PVN2020XXX_BEANBOX,Đáp viên từ chối phỏng vấn
VN02000000002461,PVN2020XXX_BEANBOX,Không trả lời/ Không bắt máy
VN02000000002462,PVN2020XXX_BEANBOX,Đáp viên không thỏa điều kiện
VN02000000002463,PVN2020XXX_BEANBOX,Đáp viên từ chối phỏng vấn
VN02000000002464,PVN2020XXX_BEANBOX,Số điện thoại không đúng
VN02000000002465,PVN2020XXX_BEANBOX,Đáp viên không thỏa điều kiện
VN02000000002466,PVN2020XXX_BEANBOX,Số điện thoại không đúng
VN02000000002467,PVN2020XXX_BEANBOX,Đáp viên từ chối phỏng vấn
VN02000000002468,PVN2020XXX_BEANBOX,OK
VN02000000002472,PVN2020XXX_BEANBOX,Đáp viên không thỏa điều kiện
VN02000000002473,PVN2020XXX_BEANBOX,Đáp viên từ chối phỏng vấn
VN02000000002474,PVN2020XXX_BEANBOX,Đáp viên không thỏa điều kiện
VN02000000002475,PVN2020XXX_BEANBOX,Đáp viên hẹn gọi lại sau
VN02000000002476,PVN2020XXX_BEANBOX,Không trả lời/ Không bắt máy
VN02000000002480,PVN2020XXX_BEANBOX,Đáp viên từ chối phỏng vấn
VN02000000002481,PVN2020XXX_BEANBOX,Máy bận
VN02000000002482,PVN2020XXX_BEANBOX,Đáp viên từ chối phỏng vấn
VN02000000002483,PVN2020XXX_BEANBOX,Số điện thoại không đúng
VN02000000002484,PVN2020XXX_BEANBOX,Đáp viên không thỏa điều kiện
VN02000000002485,PVN2020XXX_BEANBOX,Đáp viên hẹn gọi lại sau
VN02000000002486,PVN2020XXX_BEANBOX,Máy bận
VN02000000002487,PVN2020XXX_BEANBOX,Đáp viên từ chối phỏng vấn
VN02000000002488,PVN2020XXX_BEANBOX,Không trả lời/ Không bắt máy
VN02000000002489,PVN2020XXX_BEANBOX,Không trả lời/ Không bắt máy
VN02000000002490,PVN2020XXX_BEANBOX,Đáp viên từ chối phỏng vấn
VN02000000002493,PVN2020XXX_BEANBOX,Đáp viên từ chối phỏng vấn
VN02000000002559,PVN2020XXX_BEANBOX,Đáp viên không thỏa điều kiện
VN02000000002562,PVN2020XXX_BEANBOX,Đáp viên hẹn gọi lại sau
VN02000000002563,PVN2020XXX_BEANBOX,Đáp viên từ chối phỏng vấn
VN02000000002565,PVN2020XXX_BEANBOX,Không trả lời/ Không bắt máy
VN02000000002566,PVN2020XXX_BEANBOX,Đáp viên không thỏa điều kiện
VN02000000002568,PVN2020XXX_BEANBOX,OK
VN01000000000001,PVN2020XXX_BEANBOX,Số điện thoại không đúng
VN01000000000002,PVN2020XXX_BEANBOX,Số điện thoại không đúng
VN01000000000003,PVN2020XXX_BEANBOX,Số điện thoại không đúng
VN01000000000004,PVN2020XXX_BEANBOX,Số điện thoại không đúng
VN01000000000005,PVN2020XXX_BEANBOX,OK
VN01000000000009,PVN2020XXX_BEANBOX,Số điện thoại không liên lạc được
VN01000000000010,PVN2020XXX_BEANBOX,Số điện thoại không đúng
VN01000000000011,PVN2020XXX_BEANBOX,Đáp viên không thỏa điều kiện
VN01000000000012,PVN2020XXX_BEANBOX,Số điện thoại không đúng
VN01000000000013,PVN2020XXX_BEANBOX,Số điện thoại không liên lạc được
VN01000000000014,PVN2020XXX_BEANBOX,Số điện thoại không đúng
VN01000000000015,PVN2020XXX_BEANBOX,Số điện thoại không liên lạc được
VN01000000000016,PVN2020XXX_BEANBOX,Không trả lời/ Không bắt máy
VN01000000000017,PVN2020XXX_BEANBOX,Đáp viên không phải là chủ của số điện thoại này
VN01000000000018,PVN2020XXX_BEANBOX,Đáp viên không phải là chủ của số điện thoại này
VN01000000000019,PVN2020XXX_BEANBOX,Số điện thoại không liên lạc được
VN01000000000020,PVN2020XXX_BEANBOX,Đáp viên không phải là chủ của số điện thoại này
VN01000000000021,PVN2020XXX_BEANBOX,Đáp viên từ chối phỏng vấn
VN01000000000022,PVN2020XXX_BEANBOX,OK
VN01000000000027,PVN2020XXX_BEANBOX,Số điện thoại không liên lạc được
VN01000000000028,PVN2020XXX_BEANBOX,OK
VN01000000000033,PVN2020XXX_BEANBOX,Số điện thoại không liên lạc được
VN01000000000034,PVN2020XXX_BEANBOX,Đáp viên không thỏa điều kiện
VN01000000000035,PVN2020XXX_BEANBOX,Đáp viên không thỏa điều kiện
VN01000000000036,PVN2020XXX_BEANBOX,Đáp viên hẹn gọi lại sau
VN01000000000037,PVN2020XXX_BEANBOX,Đáp viên hẹn gọi lại sau
VN01000000000038,PVN2020XXX_BEANBOX,Số điện thoại không đúng
VN01000000000039,PVN2020XXX_BEANBOX,OK
VN01000000000043,PVN2020XXX_BEANBOX,Số điện thoại không đúng
VN01000000000044,PVN2020XXX_BEANBOX,Số điện thoại không liên lạc được
VN01000000000045,PVN2020XXX_BEANBOX,Số điện thoại không liên lạc được
VN01000000000046,PVN2020XXX_BEANBOX,Số điện thoại không đúng
VN01000000000047,PVN2020XXX_BEANBOX,Không trả lời/ Không bắt máy
VN01000000000049,PVN2020XXX_BEANBOX,Số điện thoại không liên lạc được
VN01000000000050,PVN2020XXX_BEANBOX,Số điện thoại không đúng
VN01000000000051,PVN2020XXX_BEANBOX,OK
VN01000000000055,PVN2020XXX_BEANBOX,Không trả lời/ Không bắt máy
VN01000000000056,PVN2020XXX_BEANBOX,Số điện thoại không liên lạc được
VN01000000000057,PVN2020XXX_BEANBOX,Số điện thoại không liên lạc được
VN01000000000058,PVN2020XXX_BEANBOX,Đáp viên không phải là chủ của số điện thoại này
VN01000000000059,PVN2020XXX_BEANBOX,Đáp viên hẹn gọi lại sau
VN01000000000060,PVN2020XXX_BEANBOX,Đáp viên hẹn gọi lại sau
VN01000000000061,PVN2020XXX_BEANBOX,Không trả lời/ Không bắt máy
VN01000000000062,PVN2020XXX_BEANBOX,Đáp viên từ chối phỏng vấn
VN01000000000063,PVN2020XXX_BEANBOX,Đáp viên từ chối phỏng vấn
VN01000000000064,PVN2020XXX_BEANBOX,Số điện thoại không liên lạc được
VN01000000000065,PVN2020XXX_BEANBOX,Không trả lời/ Không bắt máy
VN01000000000066,PVN2020XXX_BEANBOX,Không trả lời/ Không bắt máy
VN01000000000067,PVN2020XXX_BEANBOX,Đáp viên không phải là chủ của số điện thoại này
VN01000000000068,PVN2020XXX_BEANBOX,Không trả lời/ Không bắt máy
VN01000000000069,PVN2020XXX_BEANBOX,Đáp viên không thỏa điều kiện
VN01000000000070,PVN2020XXX_BEANBOX,Đáp viên không thỏa điều kiện
VN01000000000071,PVN2020XXX_BEANBOX,Đáp viên từ chối phỏng vấn
VN01000000000072,PVN2020XXX_BEANBOX,Đáp viên không phải là chủ của số điện thoại này
VN01000000000073,PVN2020XXX_BEANBOX,Đáp viên từ chối phỏng vấn
VN01000000000074,PVN2020XXX_BEANBOX,Số điện thoại không đúng
VN01000000000076,PVN2020XXX_BEANBOX,Số điện thoại không liên lạc được
VN01000000000077,PVN2020XXX_BEANBOX,Đáp viên không thỏa điều kiện
VN01000000000078,PVN2020XXX_BEANBOX,Đáp viên từ chối phỏng vấn
VN01000000000079,PVN2020XXX_BEANBOX,Không trả lời/ Không bắt máy
VN01000000000080,PVN2020XXX_BEANBOX,OK
VN01000000000084,PVN2020XXX_BEANBOX,Không trả lời/ Không bắt máy
VN01000000000085,PVN2020XXX_BEANBOX,Đáp viên hẹn gọi lại sau
VN01000000000086,PVN2020XXX_BEANBOX,Đáp viên hẹn gọi lại sau
VN01000000000087,PVN2020XXX_BEANBOX,Không trả lời/ Không bắt máy
VN01000000000088,PVN2020XXX_BEANBOX,Đáp viên từ chối phỏng vấn
VN01000000000089,PVN2020XXX_BEANBOX,Không trả lời/ Không bắt máy
VN01000000000090,PVN2020XXX_BEANBOX,Hết quota
VN01000000000091,PVN2020XXX_BEANBOX,Không trả lời/ Không bắt máy
VN01000000000092,PVN2020XXX_BEANBOX,Đáp viên hẹn gọi lại sau
VN01000000000093,PVN2020XXX_BEANBOX,Không trả lời/ Không bắt máy
VN01000000000094,PVN2020XXX_BEANBOX,Đáp viên từ chối phỏng vấn
VN01000000000095,PVN2020XXX_BEANBOX,Số điện thoại không liên lạc được
VN01000000000096,PVN2020XXX_BEANBOX,Số điện thoại không liên lạc được
VN01000000000097,PVN2020XXX_BEANBOX,Không trả lời/ Không bắt máy
VN01000000000098,PVN2020XXX_BEANBOX,Không trả lời/ Không bắt máy
VN01000000000100,PVN2020XXX_BEANBOX,OK
VN01000000000104,PVN2020XXX_BEANBOX,Đáp viên từ chối phỏng vấn
VN01000000000105,PVN2020XXX_BEANBOX,Không trả lời/ Không bắt máy
VN01000000000106,PVN2020XXX_BEANBOX,Số điện thoại không liên lạc được
VN01000000000107,PVN2020XXX_BEANBOX,Đáp viên từ chối phỏng vấn
VN01000000000638,PVN2020XXX_BEANBOX,Không trả lời/ Không bắt máy
VN01000000000639,PVN2020XXX_BEANBOX,Số điện thoại không liên lạc được
VN01000000000641,PVN2020XXX_BEANBOX,Không trả lời/ Không bắt máy
VN01000000000643,PVN2020XXX_BEANBOX,Số điện thoại không đúng
VN01000000000644,PVN2020XXX_BEANBOX,Đáp viên không phải là chủ của số điện thoại này
VN01000000000645,PVN2020XXX_BEANBOX,Số điện thoại không liên lạc được
VN01000000000646,PVN2020XXX_BEANBOX,Không trả lời/ Không bắt máy
VN01000000000648,PVN2020XXX_BEANBOX,Không trả lời/ Không bắt máy
VN01000000000649,PVN2020XXX_BEANBOX,Đáp viên không thỏa điều kiện
VN01000000000650,PVN2020XXX_BEANBOX,Đáp viên không thỏa điều kiện
VN01000000000651,PVN2020XXX_BEANBOX,OK
VN01000000000657,PVN2020XXX_BEANBOX,Đáp viên từ chối phỏng vấn
VN01000000000658,PVN2020XXX_BEANBOX,Đáp viên từ chối phỏng vấn
VN01000000000660,PVN2020XXX_BEANBOX,máy bận
VN01000000000661,PVN2020XXX_BEANBOX,Đáp viên từ chối phỏng vấn
VN01000000000665,PVN2020XXX_BEANBOX,máy bận
VN01000000000666,PVN2020XXX_BEANBOX,máy bận
VN01000000000667,PVN2020XXX_BEANBOX,Đáp viên không thỏa điều kiện
VN01000000000668,PVN2020XXX_BEANBOX,Đáp viên không phải là chủ của số điện thoại này
VN01000000000669,PVN2020XXX_BEANBOX,Đáp viên từ chối phỏng vấn
VN01000000000670,PVN2020XXX_BEANBOX,OK
VN01000000000675,PVN2020XXX_BEANBOX,Đáp viên từ chối phỏng vấn
VN01000000000676,PVN2020XXX_BEANBOX,Số điện thoại không liên lạc được
VN01000000000677,PVN2020XXX_BEANBOX,Đáp viên không thỏa điều kiện
VN01000000000678,PVN2020XXX_BEANBOX,Số điện thoại không liên lạc được
VN01000000000679,PVN2020XXX_BEANBOX,Đáp viên không thỏa điều kiện
VN01000000000680,PVN2020XXX_BEANBOX,Đáp viên không thỏa điều kiện
VN01000000000681,PVN2020XXX_BEANBOX,máy bận
VN01000000000682,PVN2020XXX_BEANBOX,Đáp viên không phải là chủ của số điện thoại này
VN01000000000683,PVN2020XXX_BEANBOX,Đáp viên không thỏa điều kiện
VN01000000000685,PVN2020XXX_BEANBOX,Đáp viên từ chối phỏng vấn
VN01000000000686,PVN2020XXX_BEANBOX,Đáp viên không thỏa điều kiện
VN01000000000688,PVN2020XXX_BEANBOX,máy bận
VN01000000000689,PVN2020XXX_BEANBOX,Đáp viên từ chối phỏng vấn
VN01000000000692,PVN2020XXX_BEANBOX,Đáp viên không phải là chủ của số điện thoại này
VN01000000000693,PVN2020XXX_BEANBOX,Đáp viên không thỏa điều kiện
VN01000000000695,PVN2020XXX_BEANBOX,Số điện thoại không liên lạc được
VN01000000000698,PVN2020XXX_BEANBOX,Số điện thoại không liên lạc được
VN01000000000699,PVN2020XXX_BEANBOX,Số điện thoại không liên lạc được
VN01000000000701,PVN2020XXX_BEANBOX,Đáp viên từ chối phỏng vấn
VN01000000000702,PVN2020XXX_BEANBOX,Số điện thoại không liên lạc được
VN01000000000703,PVN2020XXX_BEANBOX,máy bận
VN01000000000704,PVN2020XXX_BEANBOX,Đáp viên không thỏa điều kiện
VN01000000000705,PVN2020XXX_BEANBOX,Đáp viên không phải là chủ của số điện thoại này
VN01000000000707,PVN2020XXX_BEANBOX,Không trả lời/ Không bắt máy
VN01000000000708,PVN2020XXX_BEANBOX,Không trả lời/ Không bắt máy
VN01000000000709,PVN2020XXX_BEANBOX,Đáp viên không phải là chủ của số điện thoại này
VN01000000000710,PVN2020XXX_BEANBOX,Hết quota
VN01000000000711,PVN2020XXX_BEANBOX,Hết quota
VN01000000000713,PVN2020XXX_BEANBOX,Đáp viên không thỏa điều kiện
VN01000000000715,PVN2020XXX_BEANBOX,Hết quota
VN01000000000720,PVN2020XXX_BEANBOX,Đáp viên từ chối phỏng vấn
VN01000000000721,PVN2020XXX_BEANBOX,Đáp viên không phải là chủ của số điện thoại này
VN01000000000723,PVN2020XXX_BEANBOX,Đáp viên từ chối phỏng vấn
VN01000000000724,PVN2020XXX_BEANBOX,Không trả lời/ Không bắt máy
VN01000000000725,PVN2020XXX_BEANBOX,Số điện thoại không liên lạc được
VN01000000000726,PVN2020XXX_BEANBOX,Đáp viên không phải là chủ của số điện thoại này
VN01000000000727,PVN2020XXX_BEANBOX,Không trả lời/ Không bắt máy
VN01000000000728,PVN2020XXX_BEANBOX,Số điện thoại không đúng
VN01000000000729,PVN2020XXX_BEANBOX,máy bận
VN01000000000730,PVN2020XXX_BEANBOX,Không trả lời/ Không bắt máy
VN01000000000731,PVN2020XXX_BEANBOX,Hết quota
VN01000000000732,PVN2020XXX_BEANBOX,Đáp viên không thỏa điều kiện
VN01000000000733,PVN2020XXX_BEANBOX,Đáp viên không phải là chủ của số điện thoại này
VN01000000000734,PVN2020XXX_BEANBOX,Số điện thoại không liên lạc được
VN01000000000737,PVN2020XXX_BEANBOX,Không trả lời/ Không bắt máy
VN01000000000738,PVN2020XXX_BEANBOX,Số điện thoại không liên lạc được
VN01000000000740,PVN2020XXX_BEANBOX,OK
VN01000000000744,PVN2020XXX_BEANBOX,Đáp viên hẹn gọi lại sau
VN01000000000745,PVN2020XXX_BEANBOX,Đáp viên từ chối phỏng vấn
VN01000000000746,PVN2020XXX_BEANBOX,Đáp viên hẹn gọi lại sau
VN01000000000747,PVN2020XXX_BEANBOX,Không trả lời/ Không bắt máy
VN01000000000748,PVN2020XXX_BEANBOX,Số điện thoại không liên lạc được
VN01000000000749,PVN2020XXX_BEANBOX,Đáp viên từ chối phỏng vấn
VN01000000001214,PVN2020XXX_BEANBOX,Không trả lời/ Không bắt máy
VN01000000001215,PVN2020XXX_BEANBOX,Đáp viên hẹn gọi lại sau
VN01000000001216,PVN2020XXX_BEANBOX,Không trả lời/ Không bắt máy
VN01000000001217,PVN2020XXX_BEANBOX,Không trả lời/ Không bắt máy
VN01000000001218,PVN2020XXX_BEANBOX,Không trả lời/ Không bắt máy
VN01000000001219,PVN2020XXX_BEANBOX,Đáp viên từ chối phỏng vấn
VN01000000001220,PVN2020XXX_BEANBOX,Không trả lời/ Không bắt máy
VN01000000001221,PVN2020XXX_BEANBOX,Không trả lời/ Không bắt máy
VN01000000001222,PVN2020XXX_BEANBOX,Đáp viên không phải là chủ của số điện thoại này
VN01000000001223,PVN2020XXX_BEANBOX,Số điện thoại không liên lạc được
VN01000000001224,PVN2020XXX_BEANBOX,Đáp viên từ chối phỏng vấn
VN01000000001225,PVN2020XXX_BEANBOX,Đáp viên hẹn gọi lại sau
VN01000000001226,PVN2020XXX_BEANBOX,Đáp viên không phải là chủ của số điện thoại này
VN01000000001227,PVN2020XXX_BEANBOX,Đáp viên hẹn gọi lại sau
VN01000000001228,PVN2020XXX_BEANBOX,Không trả lời/ Không bắt máy
VN01000000001229,PVN2020XXX_BEANBOX,Không trả lời/ Không bắt máy
VN01000000001230,PVN2020XXX_BEANBOX,Đáp viên hẹn gọi lại sau
VN01000000001231,PVN2020XXX_BEANBOX,Không trả lời/ Không bắt máy
VN01000000001232,PVN2020XXX_BEANBOX,Số điện thoại không đúng
VN01000000001233,PVN2020XXX_BEANBOX,Số điện thoại không đúng
VN01000000001234,PVN2020XXX_BEANBOX,Không trả lời/ Không bắt máy
VN01000000001235,PVN2020XXX_BEANBOX,Số điện thoại không liên lạc được
VN01000000001236,PVN2020XXX_BEANBOX,Không trả lời/ Không bắt máy
VN01000000001237,PVN2020XXX_BEANBOX,Đáp viên không thỏa điều kiện
VN01000000001238,PVN2020XXX_BEANBOX,Không trả lời/ Không bắt máy
VN01000000001239,PVN2020XXX_BEANBOX,Đáp viên từ chối phỏng vấn
VN01000000001240,PVN2020XXX_BEANBOX,Số điện thoại không đúng
VN01000000001241,PVN2020XXX_BEANBOX,Không trả lời/ Không bắt máy
VN01000000001242,PVN2020XXX_BEANBOX,Đáp viên không phải là chủ của số điện thoại này
VN01000000001243,PVN2020XXX_BEANBOX,Đáp viên không thỏa điều kiện
VN01000000001244,PVN2020XXX_BEANBOX,Không trả lời/ Không bắt máy
VN01000000001245,PVN2020XXX_BEANBOX,Không trả lời/ Không bắt máy
VN01000000001246,PVN2020XXX_BEANBOX,Không trả lời/ Không bắt máy
VN01000000001247,PVN2020XXX_BEANBOX,Đáp viên từ chối phỏng vấn
VN01000000001248,PVN2020XXX_BEANBOX,Đáp viên từ chối phỏng vấn
VN01000000001249,PVN2020XXX_BEANBOX,Không trả lời/ Không bắt máy
VN01000000001250,PVN2020XXX_BEANBOX,Số điện thoại không liên lạc được
VN01000000001251,PVN2020XXX_BEANBOX,Không trả lời/ Không bắt máy
VN01000000001252,PVN2020XXX_BEANBOX,Đáp viên từ chối phỏng vấn
VN01000000001253,PVN2020XXX_BEANBOX,Không trả lời/ Không bắt máy
VN01000000001254,PVN2020XXX_BEANBOX,Không trả lời/ Không bắt máy
VN01000000001255,PVN2020XXX_BEANBOX,Không trả lời/ Không bắt máy
VN01000000001256,PVN2020XXX_BEANBOX,Không trả lời/ Không bắt máy
VN01000000001257,PVN2020XXX_BEANBOX,Không trả lời/ Không bắt máy
VN01000000001258,PVN2020XXX_BEANBOX,Đáp viên không phải là chủ của số điện thoại này
VN01000000001259,PVN2020XXX_BEANBOX,Đáp viên từ chối phỏng vấn
VN01000000001260,PVN2020XXX_BEANBOX,Đáp viên từ chối phỏng vấn
VN01000000001261,PVN2020XXX_BEANBOX,Số điện thoại không đúng
VN01000000001262,PVN2020XXX_BEANBOX,Đáp viên hẹn gọi lại sau
VN01000000001263,PVN2020XXX_BEANBOX,Đáp viên từ chối phỏng vấn
VN01000000001264,PVN2020XXX_BEANBOX,Số điện thoại không liên lạc được
VN01000000001265,PVN2020XXX_BEANBOX,Đáp viên từ chối phỏng vấn
VN01000000001266,PVN2020XXX_BEANBOX,Đáp viên không thỏa điều kiện
VN01000000001267,PVN2020XXX_BEANBOX,Đáp viên từ chối phỏng vấn
VN01000000001268,PVN2020XXX_BEANBOX,máy bận
VN01000000001269,PVN2020XXX_BEANBOX,OK
VN01000000001270,PVN2020XXX_BEANBOX,Đáp viên không thỏa điều kiện
VN01000000001271,PVN2020XXX_BEANBOX,Đáp viên không thỏa điều kiện
VN01000000001272,PVN2020XXX_BEANBOX,Đáp viên không thỏa điều kiện
VN01000000001273,PVN2020XXX_BEANBOX,Đáp viên không thỏa điều kiện
VN01000000001274,PVN2020XXX_BEANBOX,Đáp viên từ chối phỏng vấn
VN01000000001275,PVN2020XXX_BEANBOX,Đáp viên từ chối phỏng vấn
VN01000000001276,PVN2020XXX_BEANBOX,Đáp viên từ chối phỏng vấn
VN01000000001277,PVN2020XXX_BEANBOX,Số điện thoại không liên lạc được
VN01000000001278,PVN2020XXX_BEANBOX,Không trả lời/ Không bắt máy
VN01000000001279,PVN2020XXX_BEANBOX,Số điện thoại không liên lạc được
VN01000000001280,PVN2020XXX_BEANBOX,Đáp viên không thỏa điều kiện
VN01000000001281,PVN2020XXX_BEANBOX,Số điện thoại không liên lạc được
VN01000000001282,PVN2020XXX_BEANBOX,Đáp viên từ chối phỏng vấn
VN01000000001283,PVN2020XXX_BEANBOX,Đáp viên không thỏa điều kiện
VN01000000001284,PVN2020XXX_BEANBOX,Đáp viên hẹn gọi lại sau
VN01000000001285,PVN2020XXX_BEANBOX,Đáp viên hẹn gọi lại sau
VN01000000001286,PVN2020XXX_BEANBOX,máy bận
VN01000000001287,PVN2020XXX_BEANBOX,Đáp viên không phải là chủ của số điện thoại này
VN01000000001288,PVN2020XXX_BEANBOX,Không trả lời/ Không bắt máy
VN01000000001289,PVN2020XXX_BEANBOX,Không trả lời/ Không bắt máy
VN01000000001290,PVN2020XXX_BEANBOX,Đáp viên hẹn gọi lại sau
VN01000000001291,PVN2020XXX_BEANBOX,Đáp viên không phải là chủ của số điện thoại này
VN01000000001292,PVN2020XXX_BEANBOX,Đáp viên từ chối phỏng vấn
VN01000000001293,PVN2020XXX_BEANBOX,Số điện thoại không đúng
VN01000000001294,PVN2020XXX_BEANBOX,máy bận
VN01000000001295,PVN2020XXX_BEANBOX,Không trả lời/ Không bắt máy
VN01000000001296,PVN2020XXX_BEANBOX,Đáp viên từ chối phỏng vấn
VN01000000001297,PVN2020XXX_BEANBOX,Không trả lời/ Không bắt máy
VN01000000001298,PVN2020XXX_BEANBOX,Không trả lời/ Không bắt máy
VN01000000001299,PVN2020XXX_BEANBOX,Không trả lời/ Không bắt máy
VN01000000001300,PVN2020XXX_BEANBOX,Số điện thoại không liên lạc được
VN01000000001301,PVN2020XXX_BEANBOX,Không trả lời/ Không bắt máy
VN01000000001302,PVN2020XXX_BEANBOX,Không trả lời/ Không bắt máy
VN01000000001303,PVN2020XXX_BEANBOX,Không trả lời/ Không bắt máy
VN01000000001304,PVN2020XXX_BEANBOX,Đáp viên không phải là chủ của số điện thoại này
VN01000000001305,PVN2020XXX_BEANBOX,Đáp viên từ chối phỏng vấn
VN01000000001306,PVN2020XXX_BEANBOX,Không trả lời/ Không bắt máy
VN01000000001307,PVN2020XXX_BEANBOX,Đáp viên không thỏa điều kiện
VN01000000001308,PVN2020XXX_BEANBOX,Không trả lời/ Không bắt máy
VN01000000001309,PVN2020XXX_BEANBOX,Đáp viên từ chối phỏng vấn
VN01000000001310,PVN2020XXX_BEANBOX,Không trả lời/ Không bắt máy
VN01000000001311,PVN2020XXX_BEANBOX,Đáp viên không thỏa điều kiện
VN01000000001312,PVN2020XXX_BEANBOX,Số điện thoại không liên lạc được
VN01000000001313,PVN2020XXX_BEANBOX,Đáp viên từ chối phỏng vấn
VN01000000001314,PVN2020XXX_BEANBOX,Đáp viên từ chối phỏng vấn
VN01000000001315,PVN2020XXX_BEANBOX,Không trả lời/ Không bắt máy
VN01000000001316,PVN2020XXX_BEANBOX,Đáp viên từ chối phỏng vấn
VN01000000001317,PVN2020XXX_BEANBOX,Không trả lời/ Không bắt máy
VN01000000001318,PVN2020XXX_BEANBOX,Không trả lời/ Không bắt máy
VN01000000001319,PVN2020XXX_BEANBOX,Không trả lời/ Không bắt máy
VN01000000001320,PVN2020XXX_BEANBOX,Đáp viên hẹn gọi lại sau
VN01000000001321,PVN2020XXX_BEANBOX,Không trả lời/ Không bắt máy
VN01000000001322,PVN2020XXX_BEANBOX,Không trả lời/ Không bắt máy
VN01000000001323,PVN2020XXX_BEANBOX,Đáp viên từ chối phỏng vấn
VN01000000001324,PVN2020XXX_BEANBOX,Đáp viên từ chối phỏng vấn
VN01000000001325,PVN2020XXX_BEANBOX,Đáp viên không phải là chủ của số điện thoại này
VN01000000001326,PVN2020XXX_BEANBOX,Đáp viên hẹn gọi lại sau
VN01000000001327,PVN2020XXX_BEANBOX,Không trả lời/ Không bắt máy
VN01000000001328,PVN2020XXX_BEANBOX,Đáp viên không thỏa điều kiện
VN01000000001329,PVN2020XXX_BEANBOX,Đáp viên không thỏa điều kiện
VN01000000001330,PVN2020XXX_BEANBOX,Số điện thoại không liên lạc được
VN01000000001332,PVN2020XXX_BEANBOX,Đáp viên không thỏa điều kiện
VN01000000001333,PVN2020XXX_BEANBOX,Số điện thoại không liên lạc được
VN01000000001334,PVN2020XXX_BEANBOX,Không trả lời/ Không bắt máy
VN01000000001335,PVN2020XXX_BEANBOX,Không trả lời/ Không bắt máy
VN01000000001336,PVN2020XXX_BEANBOX,Đáp viên không thỏa điều kiện
VN01000000001337,PVN2020XXX_BEANBOX,Đáp viên từ chối phỏng vấn
VN01000000001338,PVN2020XXX_BEANBOX,Đáp viên từ chối phỏng vấn
VN01000000001339,PVN2020XXX_BEANBOX,Không trả lời/ Không bắt máy
VN01000000001340,PVN2020XXX_BEANBOX,Không trả lời/ Không bắt máy
VN01000000001341,PVN2020XXX_BEANBOX,Không trả lời/ Không bắt máy
VN01000000001342,PVN2020XXX_BEANBOX,Không trả lời/ Không bắt máy
VN01000000001343,PVN2020XXX_BEANBOX,máy bận
VN01000000001344,PVN2020XXX_BEANBOX,Không trả lời/ Không bắt máy
VN01000000001345,PVN2020XXX_BEANBOX,Không trả lời/ Không bắt máy
VN01000000001346,PVN2020XXX_BEANBOX,Đáp viên từ chối phỏng vấn
VN01000000001347,PVN2020XXX_BEANBOX,Không trả lời/ Không bắt máy
VN01000000001348,PVN2020XXX_BEANBOX,Đáp viên không phải là chủ của số điện thoại này
VN01000000001349,PVN2020XXX_BEANBOX,Không trả lời/ Không bắt máy
VN01000000001350,PVN2020XXX_BEANBOX,Đáp viên từ chối phỏng vấn
VN01000000001351,PVN2020XXX_BEANBOX,Không trả lời/ Không bắt máy
VN01000000001352,PVN2020XXX_BEANBOX,Số điện thoại không liên lạc được
VN01000000001353,PVN2020XXX_BEANBOX,Đáp viên không phải là chủ của số điện thoại này
VN01000000001354,PVN2020XXX_BEANBOX,Đáp viên từ chối phỏng vấn
VN01000000001714,PVN2020XXX_BEANBOX,Số điện thoại không đúng
VN01000000001715,PVN2020XXX_BEANBOX,Số điện thoại không liên lạc được
VN01000000001716,PVN2020XXX_BEANBOX,Số điện thoại không liên lạc được
VN01000000001717,PVN2020XXX_BEANBOX,Số điện thoại không liên lạc được
VN01000000001718,PVN2020XXX_BEANBOX,Số điện thoại không liên lạc được
VN01000000001719,PVN2020XXX_BEANBOX,Số điện thoại không liên lạc được
VN01000000001720,PVN2020XXX_BEANBOX,Đáp viên không thỏa điều kiện
VN01000000001721,PVN2020XXX_BEANBOX,Đáp viên từ chối phỏng vấn
VN01000000001722,PVN2020XXX_BEANBOX,Đáp viên hẹn gọi lại sau
VN01000000001723,PVN2020XXX_BEANBOX,Số điện thoại không liên lạc được
VN01000000001724,PVN2020XXX_BEANBOX,Không trả lời/ Không bắt máy
VN01000000001725,PVN2020XXX_BEANBOX,Đáp viên không thỏa điều kiện
VN01000000001726,PVN2020XXX_BEANBOX,máy bận
VN01000000001727,PVN2020XXX_BEANBOX,Số điện thoại không liên lạc được
VN01000000001728,PVN2020XXX_BEANBOX,Số điện thoại không liên lạc được
VN01000000001729,PVN2020XXX_BEANBOX,Số điện thoại không liên lạc được
VN01000000001730,PVN2020XXX_BEANBOX,Số điện thoại không liên lạc được
VN01000000001731,PVN2020XXX_BEANBOX,Đáp viên hẹn gọi lại sau
VN01000000001732,PVN2020XXX_BEANBOX,Đáp viên không thỏa điều kiện
VN01000000001733,PVN2020XXX_BEANBOX,Số điện thoại không liên lạc được
VN01000000001734,PVN2020XXX_BEANBOX,Đáp viên từ chối phỏng vấn
VN01000000001735,PVN2020XXX_BEANBOX,Số điện thoại không liên lạc được
VN01000000001736,PVN2020XXX_BEANBOX,Số điện thoại không liên lạc được
VN01000000001737,PVN2020XXX_BEANBOX,Số điện thoại không liên lạc được
VN01000000001738,PVN2020XXX_BEANBOX,Số điện thoại không liên lạc được
VN01000000001739,PVN2020XXX_BEANBOX,Số điện thoại không liên lạc được
VN01000000001740,PVN2020XXX_BEANBOX,Số điện thoại không liên lạc được
VN01000000001741,PVN2020XXX_BEANBOX,Số điện thoại không liên lạc được
VN01000000001742,PVN2020XXX_BEANBOX,Số điện thoại không liên lạc được
VN01000000001743,PVN2020XXX_BEANBOX,Số điện thoại không liên lạc được
VN01000000001744,PVN2020XXX_BEANBOX,Số điện thoại không liên lạc được
VN01000000001745,PVN2020XXX_BEANBOX,Số điện thoại không liên lạc được
VN01000000001746,PVN2020XXX_BEANBOX,Đáp viên không phải là chủ của số điện thoại này
VN01000000001747,PVN2020XXX_BEANBOX,Không trả lời/ Không bắt máy
VN01000000001748,PVN2020XXX_BEANBOX,Số điện thoại không liên lạc được
VN01000000001749,PVN2020XXX_BEANBOX,Số điện thoại không liên lạc được
VN01000000001750,PVN2020XXX_BEANBOX,Số điện thoại không liên lạc được
VN01000000001751,PVN2020XXX_BEANBOX,Số điện thoại không liên lạc được
VN01000000001752,PVN2020XXX_BEANBOX,Số điện thoại không liên lạc được
VN01000000001753,PVN2020XXX_BEANBOX,Đáp viên không phải là chủ của số điện thoại này
VN01000000001754,PVN2020XXX_BEANBOX,Số điện thoại không liên lạc được
VN01000000001755,PVN2020XXX_BEANBOX,Đáp viên không thỏa điều kiện
VN01000000001756,PVN2020XXX_BEANBOX,Đáp viên từ chối phỏng vấn
VN01000000001757,PVN2020XXX_BEANBOX,Số điện thoại không liên lạc được
VN01000000001758,PVN2020XXX_BEANBOX,Số điện thoại không liên lạc được
VN01000000001759,PVN2020XXX_BEANBOX,Đáp viên không thỏa điều kiện
VN01000000001760,PVN2020XXX_BEANBOX,Không trả lời/ Không bắt máy
VN01000000001761,PVN2020XXX_BEANBOX,Số điện thoại không liên lạc được
VN01000000001762,PVN2020XXX_BEANBOX,Không trả lời/ Không bắt máy
VN01000000001763,PVN2020XXX_BEANBOX,Số điện thoại không liên lạc được
VN01000000001764,PVN2020XXX_BEANBOX,Đáp viên từ chối phỏng vấn
VN01000000001765,PVN2020XXX_BEANBOX,Không trả lời/ Không bắt máy
VN01000000001766,PVN2020XXX_BEANBOX,Số điện thoại không liên lạc được
VN01000000001767,PVN2020XXX_BEANBOX,Đáp viên không thỏa điều kiện
VN01000000001769,PVN2020XXX_BEANBOX,OK
VN01000000001770,PVN2020XXX_BEANBOX,Số điện thoại không liên lạc được
VN01000000001771,PVN2020XXX_BEANBOX,Đáp viên không phải là chủ của số điện thoại này
VN01000000001772,PVN2020XXX_BEANBOX,Đáp viên không thỏa điều kiện
VN01000000001773,PVN2020XXX_BEANBOX,Số điện thoại không liên lạc được
VN01000000001774,PVN2020XXX_BEANBOX,Số điện thoại không đúng
VN01000000001775,PVN2020XXX_BEANBOX,Số điện thoại không liên lạc được
VN01000000001776,PVN2020XXX_BEANBOX,Số điện thoại không liên lạc được
VN01000000001777,PVN2020XXX_BEANBOX,Số điện thoại không liên lạc được
VN01000000001778,PVN2020XXX_BEANBOX,Đáp viên không thỏa điều kiện
VN01000000001779,PVN2020XXX_BEANBOX,Số điện thoại không liên lạc được
VN01000000001780,PVN2020XXX_BEANBOX,Số điện thoại không liên lạc được
VN01000000001781,PVN2020XXX_BEANBOX,Đáp viên không thỏa điều kiện
VN01000000001782,PVN2020XXX_BEANBOX,Đáp viên không thỏa điều kiện
VN01000000001783,PVN2020XXX_BEANBOX,Số điện thoại không liên lạc được
VN01000000001784,PVN2020XXX_BEANBOX,Số điện thoại không liên lạc được
VN01000000001785,PVN2020XXX_BEANBOX,Đáp viên không phải là chủ của số điện thoại này
VN01000000001786,PVN2020XXX_BEANBOX,Đáp viên không phải là chủ của số điện thoại này
VN01000000001787,PVN2020XXX_BEANBOX,Số điện thoại không liên lạc được
VN01000000001788,PVN2020XXX_BEANBOX,Đáp viên không phải là chủ của số điện thoại này
VN01000000001789,PVN2020XXX_BEANBOX,OK
VN01000000001793,PVN2020XXX_BEANBOX,Đáp viên từ chối phỏng vấn
VN01000000001794,PVN2020XXX_BEANBOX,Không trả lời/ Không bắt máy
VN01000000001795,PVN2020XXX_BEANBOX,Số điện thoại không đúng
VN01000000001796,PVN2020XXX_BEANBOX,Số điện thoại không liên lạc được
VN01000000001797,PVN2020XXX_BEANBOX,Không trả lời/ Không bắt máy
VN01000000001798,PVN2020XXX_BEANBOX,Không trả lời/ Không bắt máy
VN01000000002219,PVN2020XXX_BEANBOX,máy bận
VN01000000002220,PVN2020XXX_BEANBOX,Đáp viên từ chối phỏng vấn
VN01000000002221,PVN2020XXX_BEANBOX,Đáp viên không phải là chủ của số điện thoại này
VN01000000002222,PVN2020XXX_BEANBOX,Đáp viên từ chối phỏng vấn
VN01000000002223,PVN2020XXX_BEANBOX,Đáp viên không thỏa điều kiện
VN01000000002224,PVN2020XXX_BEANBOX,Không trả lời/ Không bắt máy
VN01000000002225,PVN2020XXX_BEANBOX,Đáp viên từ chối phỏng vấn
VN01000000002226,PVN2020XXX_BEANBOX,Đáp viên không phải là chủ của số điện thoại này
VN01000000002227,PVN2020XXX_BEANBOX,Đáp viên từ chối phỏng vấn
VN01000000002229,PVN2020XXX_BEANBOX,Không trả lời/ Không bắt máy
VN01000000002230,PVN2020XXX_BEANBOX,OK
VN01000000002234,PVN2020XXX_BEANBOX,Số điện thoại không liên lạc được
VN01000000002235,PVN2020XXX_BEANBOX,OK
VN01000000002239,PVN2020XXX_BEANBOX,Đáp viên không thỏa điều kiện
VN01000000002240,PVN2020XXX_BEANBOX,Đáp viên từ chối phỏng vấn
VN01000000002241,PVN2020XXX_BEANBOX,Không trả lời/ Không bắt máy
VN01000000002242,PVN2020XXX_BEANBOX,Đáp viên từ chối phỏng vấn
VN01000000002243,PVN2020XXX_BEANBOX,Không trả lời/ Không bắt máy
VN01000000002244,PVN2020XXX_BEANBOX,Không trả lời/ Không bắt máy
VN01000000002245,PVN2020XXX_BEANBOX,Đáp viên từ chối phỏng vấn
VN01000000002246,PVN2020XXX_BEANBOX,Đáp viên từ chối phỏng vấn
VN01000000002247,PVN2020XXX_BEANBOX,Số điện thoại không liên lạc được
VN01000000002248,PVN2020XXX_BEANBOX,Không trả lời/ Không bắt máy
VN01000000002249,PVN2020XXX_BEANBOX,Đáp viên từ chối phỏng vấn
VN01000000002251,PVN2020XXX_BEANBOX,OK
VN01000000002255,PVN2020XXX_BEANBOX,Đáp viên từ chối phỏng vấn
VN01000000002256,PVN2020XXX_BEANBOX,Đáp viên không thỏa điều kiện
VN01000000002257,PVN2020XXX_BEANBOX,Đáp viên từ chối phỏng vấn
VN01000000002258,PVN2020XXX_BEANBOX,Không trả lời/ Không bắt máy
VN01000000002259,PVN2020XXX_BEANBOX,Đáp viên không thỏa điều kiện
VN01000000002260,PVN2020XXX_BEANBOX,Không trả lời/ Không bắt máy
VN01000000002261,PVN2020XXX_BEANBOX,Số điện thoại không liên lạc được
VN01000000002262,PVN2020XXX_BEANBOX,Đáp viên từ chối phỏng vấn
VN01000000002263,PVN2020XXX_BEANBOX,Đáp viên hẹn gọi lại sau
VN01000000002264,PVN2020XXX_BEANBOX,Đáp viên từ chối phỏng vấn
VN01000000002266,PVN2020XXX_BEANBOX,Số điện thoại không liên lạc được
VN01000000002267,PVN2020XXX_BEANBOX,Không trả lời/ Không bắt máy
VN01000000002268,PVN2020XXX_BEANBOX,Số điện thoại không liên lạc được
VN01000000002269,PVN2020XXX_BEANBOX,Không trả lời/ Không bắt máy
VN01000000002270,PVN2020XXX_BEANBOX,Đáp viên từ chối phỏng vấn
VN01000000002271,PVN2020XXX_BEANBOX,Đáp viên không phải là chủ của số điện thoại này
VN01000000002272,PVN2020XXX_BEANBOX,Đáp viên từ chối phỏng vấn
VN01000000002273,PVN2020XXX_BEANBOX,Đáp viên từ chối phỏng vấn
VN01000000002274,PVN2020XXX_BEANBOX,Không trả lời/ Không bắt máy
VN01000000002275,PVN2020XXX_BEANBOX,Không trả lời/ Không bắt máy
VN01000000002276,PVN2020XXX_BEANBOX,Đáp viên không thỏa điều kiện
VN01000000002277,PVN2020XXX_BEANBOX,Đáp viên không thỏa điều kiện
VN01000000002278,PVN2020XXX_BEANBOX,Không trả lời/ Không bắt máy
VN01000000002279,PVN2020XXX_BEANBOX,Đáp viên từ chối phỏng vấn
VN01000000002280,PVN2020XXX_BEANBOX,Đáp viên không thỏa điều kiện
VN01000000002281,PVN2020XXX_BEANBOX,Đáp viên không phải là chủ của số điện thoại này
VN01000000002282,PVN2020XXX_BEANBOX,OK
VN01000000002286,PVN2020XXX_BEANBOX,Không trả lời/ Không bắt máy
VN01000000002287,PVN2020XXX_BEANBOX,Đáp viên không phải là chủ của số điện thoại này
VN01000000002288,PVN2020XXX_BEANBOX,Đáp viên không phải là chủ của số điện thoại này
VN01000000002289,PVN2020XXX_BEANBOX,Đáp viên từ chối phỏng vấn
VN01000000002290,PVN2020XXX_BEANBOX,Đáp viên không thỏa điều kiện
VN01000000002291,PVN2020XXX_BEANBOX,OK
VN01000000002295,PVN2020XXX_BEANBOX,Số điện thoại không đúng
VN01000000002296,PVN2020XXX_BEANBOX,Đáp viên không thỏa điều kiện
VN01000000002297,PVN2020XXX_BEANBOX,Không trả lời/ Không bắt máy
VN01000000002298,PVN2020XXX_BEANBOX,Không trả lời/ Không bắt máy
VN01000000002299,PVN2020XXX_BEANBOX,Không trả lời/ Không bắt máy
VN01000000002300,PVN2020XXX_BEANBOX,Không trả lời/ Không bắt máy
VN01000000002301,PVN2020XXX_BEANBOX,Đáp viên từ chối phỏng vấn
VN01000000002726,PVN2020XXX_BEANBOX,Đáp viên không thỏa điều kiện
VN01000000002727,PVN2020XXX_BEANBOX,Số điện thoại không đúng
VN01000000002728,PVN2020XXX_BEANBOX,Không trả lời/ Không bắt máy
VN01000000002729,PVN2020XXX_BEANBOX,Số điện thoại không đúng
VN01000000002730,PVN2020XXX_BEANBOX,Số điện thoại không đúng
VN01000000002731,PVN2020XXX_BEANBOX,Số điện thoại không đúng
VN01000000002732,PVN2020XXX_BEANBOX,Đáp viên không thỏa điều kiện
VN01000000002733,PVN2020XXX_BEANBOX,Đáp viên không thỏa điều kiện
VN01000000002734,PVN2020XXX_BEANBOX,Không trả lời/ Không bắt máy
VN01000000002735,PVN2020XXX_BEANBOX,Không trả lời/ Không bắt máy
VN01000000002736,PVN2020XXX_BEANBOX,Không trả lời/ Không bắt máy
VN01000000002737,PVN2020XXX_BEANBOX,Đáp viên hẹn gọi lại sau
VN01000000002738,PVN2020XXX_BEANBOX,Số điện thoại không đúng
VN01000000002739,PVN2020XXX_BEANBOX,OK
VN01000000002743,PVN2020XXX_BEANBOX,Không trả lời/ Không bắt máy
VN01000000002744,PVN2020XXX_BEANBOX,Đáp viên hẹn gọi lại sau
VN01000000002745,PVN2020XXX_BEANBOX,Đáp viên không thỏa điều kiện
VN01000000002746,PVN2020XXX_BEANBOX,Số điện thoại không liên lạc được
VN01000000002747,PVN2020XXX_BEANBOX,Số điện thoại không liên lạc được
VN01000000002748,PVN2020XXX_BEANBOX,Số điện thoại không liên lạc được
VN01000000002749,PVN2020XXX_BEANBOX,OK
VN01000000002753,PVN2020XXX_BEANBOX,Số điện thoại không đúng
VN01000000002754,PVN2020XXX_BEANBOX,Số điện thoại không đúng
VN01000000002755,PVN2020XXX_BEANBOX,Không trả lời/ Không bắt máy
VN01000000002756,PVN2020XXX_BEANBOX,Không trả lời/ Không bắt máy
VN01000000002757,PVN2020XXX_BEANBOX,Đáp viên không thỏa điều kiện
VN01000000002758,PVN2020XXX_BEANBOX,Số điện thoại không đúng
VN01000000002759,PVN2020XXX_BEANBOX,Số điện thoại không đúng
VN01000000002760,PVN2020XXX_BEANBOX,Số điện thoại không đúng
VN01000000002761,PVN2020XXX_BEANBOX,Không trả lời/ Không bắt máy
VN01000000002762,PVN2020XXX_BEANBOX,Không trả lời/ Không bắt máy
VN01000000002763,PVN2020XXX_BEANBOX,Số điện thoại không liên lạc được
VN01000000002764,PVN2020XXX_BEANBOX,Đáp viên từ chối phỏng vấn
VN01000000002765,PVN2020XXX_BEANBOX,Đáp viên từ chối phỏng vấn
VN01000000002766,PVN2020XXX_BEANBOX,OK
VN01000000002770,PVN2020XXX_BEANBOX,Số điện thoại không liên lạc được
VN01000000002771,PVN2020XXX_BEANBOX,máy bận
VN01000000002772,PVN2020XXX_BEANBOX,Đáp viên không phải là chủ của số điện thoại này
VN01000000002773,PVN2020XXX_BEANBOX,Đáp viên từ chối phỏng vấn
VN01000000002774,PVN2020XXX_BEANBOX,Số điện thoại không liên lạc được
VN01000000002775,PVN2020XXX_BEANBOX,Số điện thoại không liên lạc được
VN01000000002776,PVN2020XXX_BEANBOX,Đáp viên không thỏa điều kiện
VN01000000002777,PVN2020XXX_BEANBOX,Số điện thoại không đúng
VN01000000002778,PVN2020XXX_BEANBOX,Đáp viên từ chối phỏng vấn
VN01000000002779,PVN2020XXX_BEANBOX,OK
VN01000000002783,PVN2020XXX_BEANBOX,Không trả lời/ Không bắt máy
VN01000000002784,PVN2020XXX_BEANBOX,Đáp viên không thỏa điều kiện
VN01000000002786,PVN2020XXX_BEANBOX,Đáp viên không thỏa điều kiện
VN01000000002787,PVN2020XXX_BEANBOX,Số điện thoại không liên lạc được
VN01000000002788,PVN2020XXX_BEANBOX,máy bận
VN01000000002789,PVN2020XXX_BEANBOX,Đáp viên không thỏa điều kiện
VN01000000002790,PVN2020XXX_BEANBOX,Đáp viên không thỏa điều kiện
VN01000000002791,PVN2020XXX_BEANBOX,Số điện thoại không liên lạc được
VN01000000002793,PVN2020XXX_BEANBOX,máy bận
VN01000000002794,PVN2020XXX_BEANBOX,Đáp viên không thỏa điều kiện
VN01000000002795,PVN2020XXX_BEANBOX,Đáp viên không thỏa điều kiện
VN01000000002796,PVN2020XXX_BEANBOX,OK
VN01000000002800,PVN2020XXX_BEANBOX,Đáp viên từ chối phỏng vấn
VN01000000002801,PVN2020XXX_BEANBOX,Không trả lời/ Không bắt máy
VN01000000002802,PVN2020XXX_BEANBOX,Đáp viên không thỏa điều kiện
VN01000000002803,PVN2020XXX_BEANBOX,Đáp viên hẹn gọi lại sau
VN01000000002804,PVN2020XXX_BEANBOX,Đáp viên từ chối phỏng vấn
VN01000000002805,PVN2020XXX_BEANBOX,Không trả lời/ Không bắt máy
VN01000000002806,PVN2020XXX_BEANBOX,Không trả lời/ Không bắt máy
VN01000000002808,PVN2020XXX_BEANBOX,Số điện thoại không đúng
VN01000000002809,PVN2020XXX_BEANBOX,Không trả lời/ Không bắt máy
VN01000000002810,PVN2020XXX_BEANBOX,Không trả lời/ Không bắt máy
VN01000000002811,PVN2020XXX_BEANBOX,máy bận
VN01000000002812,PVN2020XXX_BEANBOX,Đáp viên không thỏa điều kiện
VN01000000002813,PVN2020XXX_BEANBOX,Đáp viên không thỏa điều kiện
VN01000000002818,PVN2020XXX_BEANBOX,Không trả lời/ Không bắt máy
VN01000000002819,PVN2020XXX_BEANBOX,Đáp viên không thỏa điều kiện
VN01000000002820,PVN2020XXX_BEANBOX,Đáp viên không thỏa điều kiện
VN01000000002822,PVN2020XXX_BEANBOX,Đáp viên từ chối phỏng vấn
VN01000000002823,PVN2020XXX_BEANBOX,Số điện thoại không liên lạc được
VN01000000002824,PVN2020XXX_BEANBOX,Đáp viên không thỏa điều kiện
VN01000000002825,PVN2020XXX_BEANBOX,OK
VN01000000002829,PVN2020XXX_BEANBOX,Không trả lời/ Không bắt máy
VN01000000002830,PVN2020XXX_BEANBOX,Không trả lời/ Không bắt máy
VN01000000002831,PVN2020XXX_BEANBOX,Hết quota
VN01000000002832,PVN2020XXX_BEANBOX,Đáp viên không thỏa điều kiện
VN01000000002833,PVN2020XXX_BEANBOX,Đáp viên từ chối phỏng vấn
VN01000000002834,PVN2020XXX_BEANBOX,Không trả lời/ Không bắt máy
VN01000000002835,PVN2020XXX_BEANBOX,Không trả lời/ Không bắt máy
VN01000000002836,PVN2020XXX_BEANBOX,OK
VN01000000002841,PVN2020XXX_BEANBOX,Không trả lời/ Không bắt máy
VN01000000002842,PVN2020XXX_BEANBOX,Số điện thoại không liên lạc được
VN01000000002843,PVN2020XXX_BEANBOX,máy bận
VN01000000002844,PVN2020XXX_BEANBOX,Không trả lời/ Không bắt máy
VN01000000002845,PVN2020XXX_BEANBOX,OK
VN01000000002849,PVN2020XXX_BEANBOX,Không trả lời/ Không bắt máy
VN01000000002850,PVN2020XXX_BEANBOX,Đáp viên không phải là chủ của số điện thoại này
VN01000000002851,PVN2020XXX_BEANBOX,Không trả lời/ Không bắt máy
VN01000000002853,PVN2020XXX_BEANBOX,Không trả lời/ Không bắt máy
VN01000000002854,PVN2020XXX_BEANBOX,Đáp viên hẹn gọi lại sau
VN01000000002855,PVN2020XXX_BEANBOX,Đáp viên từ chối phỏng vấn
VN01000000002856,PVN2020XXX_BEANBOX,Số điện thoại không liên lạc được
VN01000000002857,PVN2020XXX_BEANBOX,Không trả lời/ Không bắt máy
VN01000000002858,PVN2020XXX_BEANBOX,Số điện thoại không liên lạc được
VN01000000002859,PVN2020XXX_BEANBOX,Đáp viên không thỏa điều kiện
VN01000000002860,PVN2020XXX_BEANBOX,Đáp viên không thỏa điều kiện
VN01000000002861,PVN2020XXX_BEANBOX,Đáp viên hẹn gọi lại sau
VN01000000002862,PVN2020XXX_BEANBOX,Không trả lời/ Không bắt máy
VN01000000002863,PVN2020XXX_BEANBOX,Không trả lời/ Không bắt máy
VN01000000002864,PVN2020XXX_BEANBOX,Không trả lời/ Không bắt máy
VN01000000002865,PVN2020XXX_BEANBOX,Đáp viên từ chối phỏng vấn
VN01000000002866,PVN2020XXX_BEANBOX,Đáp viên không thỏa điều kiện
VN01000000002867,PVN2020XXX_BEANBOX,Số điện thoại không liên lạc được
VN01000000002869,PVN2020XXX_BEANBOX,Hết quota
VN01000000002870,PVN2020XXX_BEANBOX,Không trả lời/ Không bắt máy
VN01000000002871,PVN2020XXX_BEANBOX,Đáp viên không thỏa điều kiện
VN01000000002872,PVN2020XXX_BEANBOX,Đáp viên từ chối phỏng vấn
VN01000000002873,PVN2020XXX_BEANBOX,Đáp viên không thỏa điều kiện
VN01000000002874,PVN2020XXX_BEANBOX,Đáp viên không thỏa điều kiện
VN01000000002875,PVN2020XXX_BEANBOX,Đáp viên không phải là chủ của số điện thoại này
VN01000000002876,PVN2020XXX_BEANBOX,Đáp viên từ chối phỏng vấn
VN01000000002878,PVN2020XXX_BEANBOX,Không trả lời/ Không bắt máy
VN01000000002879,PVN2020XXX_BEANBOX,Không trả lời/ Không bắt máy
VN01000000002880,PVN2020XXX_BEANBOX,Số điện thoại không liên lạc được
VN01000000002881,PVN2020XXX_BEANBOX,máy bận
VN01000000002882,PVN2020XXX_BEANBOX,Đáp viên không thỏa điều kiện
VN01000000002883,PVN2020XXX_BEANBOX,Không trả lời/ Không bắt máy
VN01000000002884,PVN2020XXX_BEANBOX,Hết quota
VN01000000002886,PVN2020XXX_BEANBOX,Đáp viên từ chối phỏng vấn
VN01000000002887,PVN2020XXX_BEANBOX,Không trả lời/ Không bắt máy
VN01000000002888,PVN2020XXX_BEANBOX,Đáp viên từ chối phỏng vấn
VN01000000002889,PVN2020XXX_BEANBOX,Số điện thoại không liên lạc được
VN01000000002891,PVN2020XXX_BEANBOX,Không trả lời/ Không bắt máy
VN01000000002892,PVN2020XXX_BEANBOX,Không trả lời/ Không bắt máy
VN01000000002893,PVN2020XXX_BEANBOX,Không trả lời/ Không bắt máy
VN01000000002895,PVN2020XXX_BEANBOX,Đáp viên không thỏa điều kiện
VN01000000002896,PVN2020XXX_BEANBOX,Đáp viên không thỏa điều kiện
VN01000000002897,PVN2020XXX_BEANBOX,Đáp viên không thỏa điều kiện
VN01000000002898,PVN2020XXX_BEANBOX,Hết quota
VN01000000002899,PVN2020XXX_BEANBOX,Số điện thoại không liên lạc được